id,funcionarioId,ferramentaId,status,dataConcessao,concedidoPor
ac0001,u001,f01,Ativo,2026-05-28,daniel.lopes@suno.com.br
ac0002,u001,f02,Ativo,2026-05-28,daniel.lopes@suno.com.br
ac0003,u001,f08,Ativo,2026-05-28,daniel.lopes@suno.com.br
ac0004,u001,f03,Ativo,2026-05-28,daniel.lopes@suno.com.br
ac0005,u002,f01,Ativo,2026-05-28,daniel.lopes@suno.com.br
ac0006,u002,f02,Ativo,2026-05-28,daniel.lopes@suno.com.br
ac0007,u002,f08,Ativo,2026-05-28,daniel.lopes@suno.com.br
ac0008,u002,f03,Ativo,2026-05-28,daniel.lopes@suno.com.br
ac0009,u003,f01,Ativo,2026-05-28,daniel.lopes@suno.com.br
ac0010,u003,f02,Ativo,2026-05-28,daniel.lopes@suno.com.br
ac0011,u003,f08,Ativo,2026-05-28,daniel.lopes@suno.com.br
ac0012,u003,f03,Ativo,2026-05-28,daniel.lopes@suno.com.br
ac0013,u004,f01,Ativo,2026-05-28,daniel.lopes@suno.com.br
ac0014,u004,f02,Ativo,2026-05-28,daniel.lopes@suno.com.br
ac0015,u004,f08,Ativo,2026-05-28,daniel.lopes@suno.com.br
ac0016,u004,f03,Ativo,2026-05-28,daniel.lopes@suno.com.br
ac0017,u005,f01,Ativo,2026-05-28,daniel.lopes@suno.com.br
ac0018,u005,f02,Ativo,2026-05-28,daniel.lopes@suno.com.br
ac0019,u005,f08,Ativo,2026-05-28,daniel.lopes@suno.com.br
ac0020,u005,f03,Ativo,2026-05-28,daniel.lopes@suno.com.br
ac0021,u006,f01,Ativo,2026-05-28,daniel.lopes@suno.com.br
ac0022,u006,f02,Ativo,2026-05-28,daniel.lopes@suno.com.br
ac0023,u006,f08,Ativo,2026-05-28,daniel.lopes@suno.com.br
ac0024,u006,f03,Ativo,2026-05-28,daniel.lopes@suno.com.br
ac0025,u007,f01,Ativo,2026-05-28,daniel.lopes@suno.com.br
ac0026,u007,f02,Ativo,2026-05-28,daniel.lopes@suno.com.br
ac0027,u007,f08,Ativo,2026-05-28,daniel.lopes@suno.com.br
ac0028,u007,f03,Ativo,2026-05-28,daniel.lopes@suno.com.br
ac0029,u008,f01,Ativo,2026-05-28,daniel.lopes@suno.com.br
ac0030,u008,f02,Ativo,2026-05-28,daniel.lopes@suno.com.br
ac0031,u008,f08,Ativo,2026-05-28,daniel.lopes@suno.com.br
ac0032,u008,f03,Ativo,2026-05-28,daniel.lopes@suno.com.br
ac0033,u009,f01,Ativo,2026-05-28,daniel.lopes@suno.com.br
ac0034,u009,f02,Ativo,2026-05-28,daniel.lopes@suno.com.br
ac0035,u009,f08,Ativo,2026-05-28,daniel.lopes@suno.com.br
ac0036,u009,f03,Ativo,2026-05-28,daniel.lopes@suno.com.br
ac0037,u010,f01,Ativo,2026-05-28,daniel.lopes@suno.com.br
ac0038,u010,f02,Ativo,2026-05-28,daniel.lopes@suno.com.br
ac0039,u010,f08,Ativo,2026-05-28,daniel.lopes@suno.com.br
ac0040,u010,f03,Ativo,2026-05-28,daniel.lopes@suno.com.br
ac0041,u011,f01,Ativo,2026-05-28,daniel.lopes@suno.com.br
ac0042,u011,f02,Ativo,2026-05-28,daniel.lopes@suno.com.br
ac0043,u011,f08,Ativo,2026-05-28,daniel.lopes@suno.com.br
ac0044,u011,f03,Ativo,2026-05-28,daniel.lopes@suno.com.br
ac0045,u012,f01,Ativo,2026-05-28,daniel.lopes@suno.com.br
ac0046,u012,f02,Ativo,2026-05-28,daniel.lopes@suno.com.br
ac0047,u012,f08,Ativo,2026-05-28,daniel.lopes@suno.com.br
ac0048,u012,f03,Ativo,2026-05-28,daniel.lopes@suno.com.br
ac0049,u013,f01,Ativo,2026-05-28,daniel.lopes@suno.com.br
ac0050,u013,f02,Ativo,2026-05-28,daniel.lopes@suno.com.br
ac0051,u013,f08,Ativo,2026-05-28,daniel.lopes@suno.com.br
ac0052,u013,f03,Ativo,2026-05-28,daniel.lopes@suno.com.br
ac0053,u014,f01,Ativo,2026-05-28,daniel.lopes@suno.com.br
ac0054,u014,f02,Ativo,2026-05-28,daniel.lopes@suno.com.br
ac0055,u014,f08,Ativo,2026-05-28,daniel.lopes@suno.com.br
ac0056,u014,f03,Ativo,2026-05-28,daniel.lopes@suno.com.br
ac0057,u015,f01,Ativo,2026-05-28,daniel.lopes@suno.com.br
ac0058,u015,f02,Ativo,2026-05-28,daniel.lopes@suno.com.br
ac0059,u015,f08,Ativo,2026-05-28,daniel.lopes@suno.com.br
ac0060,u015,f03,Ativo,2026-05-28,daniel.lopes@suno.com.br
ac0061,u016,f01,Ativo,2026-05-28,daniel.lopes@suno.com.br
ac0062,u016,f02,Ativo,2026-05-28,daniel.lopes@suno.com.br
ac0063,u016,f08,Ativo,2026-05-28,daniel.lopes@suno.com.br
ac0064,u016,f03,Ativo,2026-05-28,daniel.lopes@suno.com.br
ac0065,u017,f01,Ativo,2026-05-28,daniel.lopes@suno.com.br
ac0066,u017,f02,Ativo,2026-05-28,daniel.lopes@suno.com.br
ac0067,u017,f08,Ativo,2026-05-28,daniel.lopes@suno.com.br
ac0068,u017,f03,Ativo,2026-05-28,daniel.lopes@suno.com.br
ac0069,u018,f01,Ativo,2026-05-28,daniel.lopes@suno.com.br
ac0070,u018,f02,Ativo,2026-05-28,daniel.lopes@suno.com.br
ac0071,u018,f08,Ativo,2026-05-28,daniel.lopes@suno.com.br
ac0072,u018,f03,Ativo,2026-05-28,daniel.lopes@suno.com.br
ac0073,u019,f01,Ativo,2026-05-28,daniel.lopes@suno.com.br
ac0074,u019,f02,Ativo,2026-05-28,daniel.lopes@suno.com.br
ac0075,u019,f08,Ativo,2026-05-28,daniel.lopes@suno.com.br
ac0076,u019,f03,Ativo,2026-05-28,daniel.lopes@suno.com.br
ac0077,u020,f01,Ativo,2026-05-28,daniel.lopes@suno.com.br
ac0078,u020,f02,Ativo,2026-05-28,daniel.lopes@suno.com.br
ac0079,u020,f08,Ativo,2026-05-28,daniel.lopes@suno.com.br
ac0080,u020,f03,Ativo,2026-05-28,daniel.lopes@suno.com.br
ac0081,u021,f01,Ativo,2026-05-28,daniel.lopes@suno.com.br
ac0082,u021,f02,Ativo,2026-05-28,daniel.lopes@suno.com.br
ac0083,u021,f08,Ativo,2026-05-28,daniel.lopes@suno.com.br
ac0084,u021,f03,Ativo,2026-05-28,daniel.lopes@suno.com.br
ac0085,u022,f01,Ativo,2026-05-28,daniel.lopes@suno.com.br
ac0086,u022,f02,Ativo,2026-05-28,daniel.lopes@suno.com.br
ac0087,u022,f08,Ativo,2026-05-28,daniel.lopes@suno.com.br
ac0088,u022,f03,Ativo,2026-05-28,daniel.lopes@suno.com.br
ac0089,u023,f01,Ativo,2026-05-28,daniel.lopes@suno.com.br
ac0090,u023,f02,Ativo,2026-05-28,daniel.lopes@suno.com.br
ac0091,u023,f08,Ativo,2026-05-28,daniel.lopes@suno.com.br
ac0092,u023,f03,Ativo,2026-05-28,daniel.lopes@suno.com.br
ac0093,u024,f01,Ativo,2026-05-28,daniel.lopes@suno.com.br
ac0094,u024,f02,Ativo,2026-05-28,daniel.lopes@suno.com.br
ac0095,u024,f08,Ativo,2026-05-28,daniel.lopes@suno.com.br
ac0096,u024,f03,Ativo,2026-05-28,daniel.lopes@suno.com.br
ac0097,u025,f01,Ativo,2026-05-28,daniel.lopes@suno.com.br
ac0098,u025,f02,Ativo,2026-05-28,daniel.lopes@suno.com.br
ac0099,u025,f08,Ativo,2026-05-28,daniel.lopes@suno.com.br
ac0100,u025,f03,Ativo,2026-05-28,daniel.lopes@suno.com.br
ac0101,u026,f01,Ativo,2026-05-28,daniel.lopes@suno.com.br
ac0102,u026,f02,Ativo,2026-05-28,daniel.lopes@suno.com.br
ac0103,u026,f08,Ativo,2026-05-28,daniel.lopes@suno.com.br
ac0104,u026,f03,Ativo,2026-05-28,daniel.lopes@suno.com.br
ac0105,u027,f01,Ativo,2026-05-28,daniel.lopes@suno.com.br
ac0106,u027,f02,Ativo,2026-05-28,daniel.lopes@suno.com.br
ac0107,u027,f08,Ativo,2026-05-28,daniel.lopes@suno.com.br
ac0108,u027,f03,Ativo,2026-05-28,daniel.lopes@suno.com.br
ac0109,u028,f01,Ativo,2026-05-28,daniel.lopes@suno.com.br
ac0110,u028,f02,Ativo,2026-05-28,daniel.lopes@suno.com.br
ac0111,u028,f08,Ativo,2026-05-28,daniel.lopes@suno.com.br
ac0112,u028,f03,Ativo,2026-05-28,daniel.lopes@suno.com.br
ac0113,u029,f01,Ativo,2026-05-28,daniel.lopes@suno.com.br
ac0114,u029,f02,Ativo,2026-05-28,daniel.lopes@suno.com.br
ac0115,u029,f08,Ativo,2026-05-28,daniel.lopes@suno.com.br
ac0116,u029,f03,Ativo,2026-05-28,daniel.lopes@suno.com.br
ac0117,u030,f01,Ativo,2026-05-28,daniel.lopes@suno.com.br
ac0118,u030,f02,Ativo,2026-05-28,daniel.lopes@suno.com.br
ac0119,u030,f08,Ativo,2026-05-28,daniel.lopes@suno.com.br
ac0120,u030,f03,Ativo,2026-05-28,daniel.lopes@suno.com.br
ac0121,u031,f01,Ativo,2026-05-28,daniel.lopes@suno.com.br
ac0122,u031,f02,Ativo,2026-05-28,daniel.lopes@suno.com.br
ac0123,u031,f08,Ativo,2026-05-28,daniel.lopes@suno.com.br
ac0124,u031,f03,Ativo,2026-05-28,daniel.lopes@suno.com.br
ac0125,u032,f01,Ativo,2026-05-28,daniel.lopes@suno.com.br
ac0126,u032,f02,Ativo,2026-05-28,daniel.lopes@suno.com.br
ac0127,u032,f08,Ativo,2026-05-28,daniel.lopes@suno.com.br
ac0128,u032,f03,Ativo,2026-05-28,daniel.lopes@suno.com.br
ac0129,u033,f01,Ativo,2026-05-28,daniel.lopes@suno.com.br
ac0130,u033,f02,Ativo,2026-05-28,daniel.lopes@suno.com.br
ac0131,u033,f08,Ativo,2026-05-28,daniel.lopes@suno.com.br
ac0132,u033,f03,Ativo,2026-05-28,daniel.lopes@suno.com.br
ac0133,u034,f01,Ativo,2026-05-28,daniel.lopes@suno.com.br
ac0134,u034,f02,Ativo,2026-05-28,daniel.lopes@suno.com.br
ac0135,u034,f08,Ativo,2026-05-28,daniel.lopes@suno.com.br
ac0136,u034,f03,Ativo,2026-05-28,daniel.lopes@suno.com.br
ac0137,u035,f01,Ativo,2026-05-28,daniel.lopes@suno.com.br
ac0138,u035,f02,Ativo,2026-05-28,daniel.lopes@suno.com.br
ac0139,u035,f08,Ativo,2026-05-28,daniel.lopes@suno.com.br
ac0140,u035,f03,Ativo,2026-05-28,daniel.lopes@suno.com.br
ac0141,u036,f01,Ativo,2026-05-28,daniel.lopes@suno.com.br
ac0142,u036,f02,Ativo,2026-05-28,daniel.lopes@suno.com.br
ac0143,u036,f08,Ativo,2026-05-28,daniel.lopes@suno.com.br
ac0144,u036,f03,Ativo,2026-05-28,daniel.lopes@suno.com.br
ac0145,u037,f01,Ativo,2026-05-28,daniel.lopes@suno.com.br
ac0146,u037,f02,Ativo,2026-05-28,daniel.lopes@suno.com.br
ac0147,u037,f08,Ativo,2026-05-28,daniel.lopes@suno.com.br
ac0148,u037,f03,Ativo,2026-05-28,daniel.lopes@suno.com.br
ac0149,u038,f01,Ativo,2026-05-28,daniel.lopes@suno.com.br
ac0150,u038,f02,Ativo,2026-05-28,daniel.lopes@suno.com.br
ac0151,u038,f08,Ativo,2026-05-28,daniel.lopes@suno.com.br
ac0152,u038,f03,Ativo,2026-05-28,daniel.lopes@suno.com.br
ac0153,u039,f01,Ativo,2026-05-28,daniel.lopes@suno.com.br
ac0154,u039,f02,Ativo,2026-05-28,daniel.lopes@suno.com.br
ac0155,u039,f08,Ativo,2026-05-28,daniel.lopes@suno.com.br
ac0156,u039,f03,Ativo,2026-05-28,daniel.lopes@suno.com.br
ac0157,u040,f01,Ativo,2026-05-28,daniel.lopes@suno.com.br
ac0158,u040,f02,Ativo,2026-05-28,daniel.lopes@suno.com.br
ac0159,u040,f08,Ativo,2026-05-28,daniel.lopes@suno.com.br
ac0160,u040,f03,Ativo,2026-05-28,daniel.lopes@suno.com.br
ac0161,u041,f01,Ativo,2026-05-28,daniel.lopes@suno.com.br
ac0162,u041,f02,Ativo,2026-05-28,daniel.lopes@suno.com.br
ac0163,u041,f08,Ativo,2026-05-28,daniel.lopes@suno.com.br
ac0164,u041,f03,Ativo,2026-05-28,daniel.lopes@suno.com.br
ac0165,u042,f01,Ativo,2026-05-28,daniel.lopes@suno.com.br
ac0166,u042,f02,Ativo,2026-05-28,daniel.lopes@suno.com.br
ac0167,u042,f08,Ativo,2026-05-28,daniel.lopes@suno.com.br
ac0168,u042,f03,Ativo,2026-05-28,daniel.lopes@suno.com.br
ac0169,u043,f01,Ativo,2026-05-28,daniel.lopes@suno.com.br
ac0170,u043,f02,Ativo,2026-05-28,daniel.lopes@suno.com.br
ac0171,u043,f08,Ativo,2026-05-28,daniel.lopes@suno.com.br
ac0172,u043,f03,Ativo,2026-05-28,daniel.lopes@suno.com.br
ac0173,u044,f01,Ativo,2026-05-28,daniel.lopes@suno.com.br
ac0174,u044,f02,Ativo,2026-05-28,daniel.lopes@suno.com.br
ac0175,u044,f08,Ativo,2026-05-28,daniel.lopes@suno.com.br
ac0176,u044,f03,Ativo,2026-05-28,daniel.lopes@suno.com.br
ac0177,u045,f01,Ativo,2026-05-28,daniel.lopes@suno.com.br
ac0178,u045,f02,Ativo,2026-05-28,daniel.lopes@suno.com.br
ac0179,u045,f08,Ativo,2026-05-28,daniel.lopes@suno.com.br
ac0180,u045,f03,Ativo,2026-05-28,daniel.lopes@suno.com.br
ac0181,u046,f01,Ativo,2026-05-28,daniel.lopes@suno.com.br
ac0182,u046,f02,Ativo,2026-05-28,daniel.lopes@suno.com.br
ac0183,u046,f08,Ativo,2026-05-28,daniel.lopes@suno.com.br
ac0184,u046,f03,Ativo,2026-05-28,daniel.lopes@suno.com.br
ac0185,u047,f01,Ativo,2026-05-28,daniel.lopes@suno.com.br
ac0186,u047,f02,Ativo,2026-05-28,daniel.lopes@suno.com.br
ac0187,u047,f08,Ativo,2026-05-28,daniel.lopes@suno.com.br
ac0188,u047,f03,Ativo,2026-05-28,daniel.lopes@suno.com.br
ac0189,u048,f01,Ativo,2026-05-28,daniel.lopes@suno.com.br
ac0190,u048,f02,Ativo,2026-05-28,daniel.lopes@suno.com.br
ac0191,u048,f08,Ativo,2026-05-28,daniel.lopes@suno.com.br
ac0192,u048,f03,Ativo,2026-05-28,daniel.lopes@suno.com.br
ac0193,u049,f01,Ativo,2026-05-28,daniel.lopes@suno.com.br
ac0194,u049,f02,Ativo,2026-05-28,daniel.lopes@suno.com.br
ac0195,u049,f08,Ativo,2026-05-28,daniel.lopes@suno.com.br
ac0196,u049,f03,Ativo,2026-05-28,daniel.lopes@suno.com.br
ac0197,u050,f01,Ativo,2026-05-28,daniel.lopes@suno.com.br
ac0198,u050,f02,Ativo,2026-05-28,daniel.lopes@suno.com.br
ac0199,u050,f08,Ativo,2026-05-28,daniel.lopes@suno.com.br
ac0200,u050,f03,Ativo,2026-05-28,daniel.lopes@suno.com.br
ac0201,u051,f01,Ativo,2026-05-28,daniel.lopes@suno.com.br
ac0202,u051,f02,Ativo,2026-05-28,daniel.lopes@suno.com.br
ac0203,u051,f08,Ativo,2026-05-28,daniel.lopes@suno.com.br
ac0204,u051,f03,Ativo,2026-05-28,daniel.lopes@suno.com.br
ac0205,u052,f01,Ativo,2026-05-28,daniel.lopes@suno.com.br
ac0206,u052,f02,Ativo,2026-05-28,daniel.lopes@suno.com.br
ac0207,u052,f08,Ativo,2026-05-28,daniel.lopes@suno.com.br
ac0208,u052,f03,Ativo,2026-05-28,daniel.lopes@suno.com.br
ac0209,u053,f01,Ativo,2026-05-28,daniel.lopes@suno.com.br
ac0210,u053,f02,Ativo,2026-05-28,daniel.lopes@suno.com.br
ac0211,u053,f08,Ativo,2026-05-28,daniel.lopes@suno.com.br
ac0212,u053,f03,Ativo,2026-05-28,daniel.lopes@suno.com.br
ac0213,u054,f01,Ativo,2026-05-28,daniel.lopes@suno.com.br
ac0214,u054,f02,Ativo,2026-05-28,daniel.lopes@suno.com.br
ac0215,u054,f08,Ativo,2026-05-28,daniel.lopes@suno.com.br
ac0216,u054,f03,Ativo,2026-05-28,daniel.lopes@suno.com.br
ac0217,u055,f01,Ativo,2026-05-28,daniel.lopes@suno.com.br
ac0218,u055,f02,Ativo,2026-05-28,daniel.lopes@suno.com.br
ac0219,u055,f08,Ativo,2026-05-28,daniel.lopes@suno.com.br
ac0220,u055,f03,Ativo,2026-05-28,daniel.lopes@suno.com.br
ac0221,u056,f01,Ativo,2026-05-28,daniel.lopes@suno.com.br
ac0222,u056,f02,Ativo,2026-05-28,daniel.lopes@suno.com.br
ac0223,u056,f08,Ativo,2026-05-28,daniel.lopes@suno.com.br
ac0224,u056,f03,Ativo,2026-05-28,daniel.lopes@suno.com.br
ac0225,u057,f01,Ativo,2026-05-28,daniel.lopes@suno.com.br
ac0226,u057,f02,Ativo,2026-05-28,daniel.lopes@suno.com.br
ac0227,u057,f08,Ativo,2026-05-28,daniel.lopes@suno.com.br
ac0228,u057,f03,Ativo,2026-05-28,daniel.lopes@suno.com.br
ac0229,u058,f01,Ativo,2026-05-28,daniel.lopes@suno.com.br
ac0230,u058,f02,Ativo,2026-05-28,daniel.lopes@suno.com.br
ac0231,u058,f08,Ativo,2026-05-28,daniel.lopes@suno.com.br
ac0232,u058,f03,Ativo,2026-05-28,daniel.lopes@suno.com.br
ac0233,u059,f01,Ativo,2026-05-28,daniel.lopes@suno.com.br
ac0234,u059,f02,Ativo,2026-05-28,daniel.lopes@suno.com.br
ac0235,u059,f08,Ativo,2026-05-28,daniel.lopes@suno.com.br
ac0236,u059,f03,Ativo,2026-05-28,daniel.lopes@suno.com.br
ac0237,u060,f01,Ativo,2026-05-28,daniel.lopes@suno.com.br
ac0238,u060,f02,Ativo,2026-05-28,daniel.lopes@suno.com.br
ac0239,u060,f08,Ativo,2026-05-28,daniel.lopes@suno.com.br
ac0240,u060,f03,Ativo,2026-05-28,daniel.lopes@suno.com.br
ac0241,u061,f01,Ativo,2026-05-28,daniel.lopes@suno.com.br
ac0242,u061,f02,Ativo,2026-05-28,daniel.lopes@suno.com.br
ac0243,u061,f08,Ativo,2026-05-28,daniel.lopes@suno.com.br
ac0244,u061,f03,Ativo,2026-05-28,daniel.lopes@suno.com.br
ac0245,u062,f01,Ativo,2026-05-28,daniel.lopes@suno.com.br
ac0246,u062,f02,Ativo,2026-05-28,daniel.lopes@suno.com.br
ac0247,u062,f08,Ativo,2026-05-28,daniel.lopes@suno.com.br
ac0248,u062,f03,Ativo,2026-05-28,daniel.lopes@suno.com.br
ac0249,u063,f01,Ativo,2026-05-28,daniel.lopes@suno.com.br
ac0250,u063,f02,Ativo,2026-05-28,daniel.lopes@suno.com.br
ac0251,u063,f08,Ativo,2026-05-28,daniel.lopes@suno.com.br
ac0252,u063,f03,Ativo,2026-05-28,daniel.lopes@suno.com.br
ac0253,u064,f01,Ativo,2026-05-28,daniel.lopes@suno.com.br
ac0254,u064,f02,Ativo,2026-05-28,daniel.lopes@suno.com.br
ac0255,u064,f08,Ativo,2026-05-28,daniel.lopes@suno.com.br
ac0256,u064,f03,Ativo,2026-05-28,daniel.lopes@suno.com.br
ac0257,u065,f01,Ativo,2026-05-28,daniel.lopes@suno.com.br
ac0258,u065,f02,Ativo,2026-05-28,daniel.lopes@suno.com.br
ac0259,u065,f08,Ativo,2026-05-28,daniel.lopes@suno.com.br
ac0260,u065,f03,Ativo,2026-05-28,daniel.lopes@suno.com.br
ac0261,u066,f01,Ativo,2026-05-28,daniel.lopes@suno.com.br
ac0262,u066,f02,Ativo,2026-05-28,daniel.lopes@suno.com.br
ac0263,u066,f08,Ativo,2026-05-28,daniel.lopes@suno.com.br
ac0264,u066,f03,Ativo,2026-05-28,daniel.lopes@suno.com.br
ac0265,u067,f01,Ativo,2026-05-28,daniel.lopes@suno.com.br
ac0266,u067,f02,Ativo,2026-05-28,daniel.lopes@suno.com.br
ac0267,u067,f08,Ativo,2026-05-28,daniel.lopes@suno.com.br
ac0268,u067,f03,Ativo,2026-05-28,daniel.lopes@suno.com.br
ac0269,u068,f01,Ativo,2026-05-28,daniel.lopes@suno.com.br
ac0270,u068,f02,Ativo,2026-05-28,daniel.lopes@suno.com.br
ac0271,u068,f08,Ativo,2026-05-28,daniel.lopes@suno.com.br
ac0272,u068,f03,Ativo,2026-05-28,daniel.lopes@suno.com.br
ac0273,u069,f01,Ativo,2026-05-28,daniel.lopes@suno.com.br
ac0274,u069,f02,Ativo,2026-05-28,daniel.lopes@suno.com.br
ac0275,u069,f08,Ativo,2026-05-28,daniel.lopes@suno.com.br
ac0276,u069,f03,Ativo,2026-05-28,daniel.lopes@suno.com.br
ac0277,u070,f01,Ativo,2026-05-28,daniel.lopes@suno.com.br
ac0278,u070,f02,Ativo,2026-05-28,daniel.lopes@suno.com.br
ac0279,u070,f08,Ativo,2026-05-28,daniel.lopes@suno.com.br
ac0280,u070,f03,Ativo,2026-05-28,daniel.lopes@suno.com.br
ac0281,u071,f01,Ativo,2026-05-28,daniel.lopes@suno.com.br
ac0282,u071,f02,Ativo,2026-05-28,daniel.lopes@suno.com.br
ac0283,u071,f08,Ativo,2026-05-28,daniel.lopes@suno.com.br
ac0284,u071,f03,Ativo,2026-05-28,daniel.lopes@suno.com.br
ac0285,u072,f01,Ativo,2026-05-28,daniel.lopes@suno.com.br
ac0286,u072,f02,Ativo,2026-05-28,daniel.lopes@suno.com.br
ac0287,u072,f08,Ativo,2026-05-28,daniel.lopes@suno.com.br
ac0288,u072,f03,Ativo,2026-05-28,daniel.lopes@suno.com.br
ac0289,u073,f01,Ativo,2026-05-28,daniel.lopes@suno.com.br
ac0290,u073,f02,Ativo,2026-05-28,daniel.lopes@suno.com.br
ac0291,u073,f08,Ativo,2026-05-28,daniel.lopes@suno.com.br
ac0292,u073,f03,Ativo,2026-05-28,daniel.lopes@suno.com.br
ac0293,u074,f01,Ativo,2026-05-28,daniel.lopes@suno.com.br
ac0294,u074,f02,Ativo,2026-05-28,daniel.lopes@suno.com.br
ac0295,u074,f08,Ativo,2026-05-28,daniel.lopes@suno.com.br
ac0296,u074,f03,Ativo,2026-05-28,daniel.lopes@suno.com.br
ac0297,u075,f01,Ativo,2026-05-28,daniel.lopes@suno.com.br
ac0298,u075,f02,Ativo,2026-05-28,daniel.lopes@suno.com.br
ac0299,u075,f08,Ativo,2026-05-28,daniel.lopes@suno.com.br
ac0300,u075,f03,Ativo,2026-05-28,daniel.lopes@suno.com.br
ac0301,u076,f01,Ativo,2026-05-28,daniel.lopes@suno.com.br
ac0302,u076,f02,Ativo,2026-05-28,daniel.lopes@suno.com.br
ac0303,u076,f08,Ativo,2026-05-28,daniel.lopes@suno.com.br
ac0304,u076,f03,Ativo,2026-05-28,daniel.lopes@suno.com.br
ac0305,u077,f01,Ativo,2026-05-28,daniel.lopes@suno.com.br
ac0306,u077,f02,Ativo,2026-05-28,daniel.lopes@suno.com.br
ac0307,u077,f08,Ativo,2026-05-28,daniel.lopes@suno.com.br
ac0308,u077,f03,Ativo,2026-05-28,daniel.lopes@suno.com.br
ac0309,u078,f01,Ativo,2026-05-28,daniel.lopes@suno.com.br
ac0310,u078,f02,Ativo,2026-05-28,daniel.lopes@suno.com.br
ac0311,u078,f08,Ativo,2026-05-28,daniel.lopes@suno.com.br
ac0312,u078,f03,Ativo,2026-05-28,daniel.lopes@suno.com.br
ac0313,u079,f01,Ativo,2026-05-28,daniel.lopes@suno.com.br
ac0314,u079,f02,Ativo,2026-05-28,daniel.lopes@suno.com.br
ac0315,u079,f08,Ativo,2026-05-28,daniel.lopes@suno.com.br
ac0316,u079,f03,Ativo,2026-05-28,daniel.lopes@suno.com.br
ac0317,u080,f01,Ativo,2026-05-28,daniel.lopes@suno.com.br
ac0318,u080,f02,Ativo,2026-05-28,daniel.lopes@suno.com.br
ac0319,u080,f08,Ativo,2026-05-28,daniel.lopes@suno.com.br
ac0320,u080,f03,Ativo,2026-05-28,daniel.lopes@suno.com.br
ac0321,u081,f01,Ativo,2026-05-28,daniel.lopes@suno.com.br
ac0322,u081,f02,Ativo,2026-05-28,daniel.lopes@suno.com.br
ac0323,u081,f08,Ativo,2026-05-28,daniel.lopes@suno.com.br
ac0324,u081,f03,Ativo,2026-05-28,daniel.lopes@suno.com.br
ac0325,u082,f01,Ativo,2026-05-28,daniel.lopes@suno.com.br
ac0326,u082,f02,Ativo,2026-05-28,daniel.lopes@suno.com.br
ac0327,u082,f08,Ativo,2026-05-28,daniel.lopes@suno.com.br
ac0328,u082,f03,Ativo,2026-05-28,daniel.lopes@suno.com.br
ac0329,u083,f01,Ativo,2026-05-28,daniel.lopes@suno.com.br
ac0330,u083,f02,Ativo,2026-05-28,daniel.lopes@suno.com.br
ac0331,u083,f08,Ativo,2026-05-28,daniel.lopes@suno.com.br
ac0332,u083,f03,Ativo,2026-05-28,daniel.lopes@suno.com.br
ac0333,u084,f01,Ativo,2026-05-28,daniel.lopes@suno.com.br
ac0334,u084,f02,Ativo,2026-05-28,daniel.lopes@suno.com.br
ac0335,u084,f08,Ativo,2026-05-28,daniel.lopes@suno.com.br
ac0336,u084,f03,Ativo,2026-05-28,daniel.lopes@suno.com.br
ac0337,u085,f01,Ativo,2026-05-28,daniel.lopes@suno.com.br
ac0338,u085,f02,Ativo,2026-05-28,daniel.lopes@suno.com.br
ac0339,u085,f08,Ativo,2026-05-28,daniel.lopes@suno.com.br
ac0340,u085,f03,Ativo,2026-05-28,daniel.lopes@suno.com.br
ac0341,u086,f01,Ativo,2026-05-28,daniel.lopes@suno.com.br
ac0342,u086,f02,Ativo,2026-05-28,daniel.lopes@suno.com.br
ac0343,u086,f08,Ativo,2026-05-28,daniel.lopes@suno.com.br
ac0344,u086,f03,Ativo,2026-05-28,daniel.lopes@suno.com.br
ac0345,u087,f01,Ativo,2026-05-28,daniel.lopes@suno.com.br
ac0346,u087,f02,Ativo,2026-05-28,daniel.lopes@suno.com.br
ac0347,u087,f08,Ativo,2026-05-28,daniel.lopes@suno.com.br
ac0348,u087,f03,Ativo,2026-05-28,daniel.lopes@suno.com.br
ac0349,u088,f01,Ativo,2026-05-28,daniel.lopes@suno.com.br
ac0350,u088,f02,Ativo,2026-05-28,daniel.lopes@suno.com.br
ac0351,u088,f08,Ativo,2026-05-28,daniel.lopes@suno.com.br
ac0352,u088,f03,Ativo,2026-05-28,daniel.lopes@suno.com.br
ac0353,u089,f01,Ativo,2026-05-28,daniel.lopes@suno.com.br
ac0354,u089,f02,Ativo,2026-05-28,daniel.lopes@suno.com.br
ac0355,u089,f08,Ativo,2026-05-28,daniel.lopes@suno.com.br
ac0356,u089,f03,Ativo,2026-05-28,daniel.lopes@suno.com.br
ac0357,u090,f01,Ativo,2026-05-28,daniel.lopes@suno.com.br
ac0358,u090,f02,Ativo,2026-05-28,daniel.lopes@suno.com.br
ac0359,u090,f08,Ativo,2026-05-28,daniel.lopes@suno.com.br
ac0360,u090,f03,Ativo,2026-05-28,daniel.lopes@suno.com.br
ac0361,u091,f01,Ativo,2026-05-28,daniel.lopes@suno.com.br
ac0362,u091,f02,Ativo,2026-05-28,daniel.lopes@suno.com.br
ac0363,u091,f08,Ativo,2026-05-28,daniel.lopes@suno.com.br
ac0364,u091,f03,Ativo,2026-05-28,daniel.lopes@suno.com.br
ac0365,u092,f01,Ativo,2026-05-28,daniel.lopes@suno.com.br
ac0366,u092,f02,Ativo,2026-05-28,daniel.lopes@suno.com.br
ac0367,u092,f08,Ativo,2026-05-28,daniel.lopes@suno.com.br
ac0368,u092,f03,Ativo,2026-05-28,daniel.lopes@suno.com.br
ac0369,u093,f01,Ativo,2026-05-28,daniel.lopes@suno.com.br
ac0370,u093,f02,Ativo,2026-05-28,daniel.lopes@suno.com.br
ac0371,u093,f08,Ativo,2026-05-28,daniel.lopes@suno.com.br
ac0372,u093,f03,Ativo,2026-05-28,daniel.lopes@suno.com.br
ac0373,u094,f01,Ativo,2026-05-28,daniel.lopes@suno.com.br
ac0374,u094,f02,Ativo,2026-05-28,daniel.lopes@suno.com.br
ac0375,u094,f08,Ativo,2026-05-28,daniel.lopes@suno.com.br
ac0376,u094,f03,Ativo,2026-05-28,daniel.lopes@suno.com.br
ac0377,u095,f01,Ativo,2026-05-28,daniel.lopes@suno.com.br
ac0378,u095,f02,Ativo,2026-05-28,daniel.lopes@suno.com.br
ac0379,u095,f08,Ativo,2026-05-28,daniel.lopes@suno.com.br
ac0380,u095,f03,Ativo,2026-05-28,daniel.lopes@suno.com.br
ac0381,u096,f01,Ativo,2026-05-28,daniel.lopes@suno.com.br
ac0382,u096,f02,Ativo,2026-05-28,daniel.lopes@suno.com.br
ac0383,u096,f08,Ativo,2026-05-28,daniel.lopes@suno.com.br
ac0384,u096,f03,Ativo,2026-05-28,daniel.lopes@suno.com.br
ac0385,u097,f01,Ativo,2026-05-28,daniel.lopes@suno.com.br
ac0386,u097,f02,Ativo,2026-05-28,daniel.lopes@suno.com.br
ac0387,u097,f08,Ativo,2026-05-28,daniel.lopes@suno.com.br
ac0388,u097,f03,Ativo,2026-05-28,daniel.lopes@suno.com.br
ac0389,u098,f01,Ativo,2026-05-28,daniel.lopes@suno.com.br
ac0390,u098,f02,Ativo,2026-05-28,daniel.lopes@suno.com.br
ac0391,u098,f08,Ativo,2026-05-28,daniel.lopes@suno.com.br
ac0392,u098,f03,Ativo,2026-05-28,daniel.lopes@suno.com.br
ac0393,u099,f01,Ativo,2026-05-28,daniel.lopes@suno.com.br
ac0394,u099,f02,Ativo,2026-05-28,daniel.lopes@suno.com.br
ac0395,u099,f08,Ativo,2026-05-28,daniel.lopes@suno.com.br
ac0396,u099,f03,Ativo,2026-05-28,daniel.lopes@suno.com.br
ac0397,u100,f01,Ativo,2026-05-28,daniel.lopes@suno.com.br
ac0398,u100,f02,Ativo,2026-05-28,daniel.lopes@suno.com.br
ac0399,u100,f08,Ativo,2026-05-28,daniel.lopes@suno.com.br
ac0400,u100,f03,Ativo,2026-05-28,daniel.lopes@suno.com.br
ac0401,u101,f01,Ativo,2026-05-28,daniel.lopes@suno.com.br
ac0402,u101,f02,Ativo,2026-05-28,daniel.lopes@suno.com.br
ac0403,u101,f08,Ativo,2026-05-28,daniel.lopes@suno.com.br
ac0404,u101,f03,Ativo,2026-05-28,daniel.lopes@suno.com.br
ac0405,u102,f01,Ativo,2026-05-28,daniel.lopes@suno.com.br
ac0406,u102,f02,Ativo,2026-05-28,daniel.lopes@suno.com.br
ac0407,u102,f08,Ativo,2026-05-28,daniel.lopes@suno.com.br
ac0408,u102,f03,Ativo,2026-05-28,daniel.lopes@suno.com.br
ac0409,u103,f01,Ativo,2026-05-28,daniel.lopes@suno.com.br
ac0410,u103,f02,Ativo,2026-05-28,daniel.lopes@suno.com.br
ac0411,u103,f08,Ativo,2026-05-28,daniel.lopes@suno.com.br
ac0412,u103,f03,Ativo,2026-05-28,daniel.lopes@suno.com.br
ac0413,u104,f01,Ativo,2026-05-28,daniel.lopes@suno.com.br
ac0414,u104,f02,Ativo,2026-05-28,daniel.lopes@suno.com.br
ac0415,u104,f08,Ativo,2026-05-28,daniel.lopes@suno.com.br
ac0416,u104,f03,Ativo,2026-05-28,daniel.lopes@suno.com.br
ac0417,u105,f01,Ativo,2026-05-28,daniel.lopes@suno.com.br
ac0418,u105,f02,Ativo,2026-05-28,daniel.lopes@suno.com.br
ac0419,u105,f08,Ativo,2026-05-28,daniel.lopes@suno.com.br
ac0420,u105,f03,Ativo,2026-05-28,daniel.lopes@suno.com.br
ac0421,u106,f01,Ativo,2026-05-28,daniel.lopes@suno.com.br
ac0422,u106,f02,Ativo,2026-05-28,daniel.lopes@suno.com.br
ac0423,u106,f08,Ativo,2026-05-28,daniel.lopes@suno.com.br
ac0424,u106,f03,Ativo,2026-05-28,daniel.lopes@suno.com.br
ac0425,u107,f01,Ativo,2026-05-28,daniel.lopes@suno.com.br
ac0426,u107,f02,Ativo,2026-05-28,daniel.lopes@suno.com.br
ac0427,u107,f08,Ativo,2026-05-28,daniel.lopes@suno.com.br
ac0428,u107,f03,Ativo,2026-05-28,daniel.lopes@suno.com.br
ac0429,u108,f01,Ativo,2026-05-28,daniel.lopes@suno.com.br
ac0430,u108,f02,Ativo,2026-05-28,daniel.lopes@suno.com.br
ac0431,u108,f08,Ativo,2026-05-28,daniel.lopes@suno.com.br
ac0432,u108,f03,Ativo,2026-05-28,daniel.lopes@suno.com.br
ac0433,u109,f01,Ativo,2026-05-28,daniel.lopes@suno.com.br
ac0434,u109,f02,Ativo,2026-05-28,daniel.lopes@suno.com.br
ac0435,u109,f08,Ativo,2026-05-28,daniel.lopes@suno.com.br
ac0436,u109,f03,Ativo,2026-05-28,daniel.lopes@suno.com.br
ac0437,u110,f01,Ativo,2026-05-28,daniel.lopes@suno.com.br
ac0438,u110,f02,Ativo,2026-05-28,daniel.lopes@suno.com.br
ac0439,u110,f08,Ativo,2026-05-28,daniel.lopes@suno.com.br
ac0440,u110,f03,Ativo,2026-05-28,daniel.lopes@suno.com.br
ac0441,u111,f01,Ativo,2026-05-28,daniel.lopes@suno.com.br
ac0442,u111,f02,Ativo,2026-05-28,daniel.lopes@suno.com.br
ac0443,u111,f08,Ativo,2026-05-28,daniel.lopes@suno.com.br
ac0444,u111,f03,Ativo,2026-05-28,daniel.lopes@suno.com.br
ac0445,u112,f01,Ativo,2026-05-28,daniel.lopes@suno.com.br
ac0446,u112,f02,Ativo,2026-05-28,daniel.lopes@suno.com.br
ac0447,u112,f08,Ativo,2026-05-28,daniel.lopes@suno.com.br
ac0448,u112,f03,Ativo,2026-05-28,daniel.lopes@suno.com.br
ac0449,u113,f01,Ativo,2026-05-28,daniel.lopes@suno.com.br
ac0450,u113,f02,Ativo,2026-05-28,daniel.lopes@suno.com.br
ac0451,u113,f08,Ativo,2026-05-28,daniel.lopes@suno.com.br
ac0452,u113,f03,Ativo,2026-05-28,daniel.lopes@suno.com.br
ac0453,u114,f01,Ativo,2026-05-28,daniel.lopes@suno.com.br
ac0454,u114,f02,Ativo,2026-05-28,daniel.lopes@suno.com.br
ac0455,u114,f08,Ativo,2026-05-28,daniel.lopes@suno.com.br
ac0456,u114,f03,Ativo,2026-05-28,daniel.lopes@suno.com.br
ac0457,u115,f01,Ativo,2026-05-28,daniel.lopes@suno.com.br
ac0458,u115,f02,Ativo,2026-05-28,daniel.lopes@suno.com.br
ac0459,u115,f08,Ativo,2026-05-28,daniel.lopes@suno.com.br
ac0460,u115,f03,Ativo,2026-05-28,daniel.lopes@suno.com.br
ac0461,u116,f01,Ativo,2026-05-28,daniel.lopes@suno.com.br
ac0462,u116,f02,Ativo,2026-05-28,daniel.lopes@suno.com.br
ac0463,u116,f08,Ativo,2026-05-28,daniel.lopes@suno.com.br
ac0464,u116,f03,Ativo,2026-05-28,daniel.lopes@suno.com.br
ac0465,u117,f01,Ativo,2026-05-28,daniel.lopes@suno.com.br
ac0466,u117,f02,Ativo,2026-05-28,daniel.lopes@suno.com.br
ac0467,u117,f08,Ativo,2026-05-28,daniel.lopes@suno.com.br
ac0468,u117,f03,Ativo,2026-05-28,daniel.lopes@suno.com.br
ac0469,u118,f01,Ativo,2026-05-28,daniel.lopes@suno.com.br
ac0470,u118,f02,Ativo,2026-05-28,daniel.lopes@suno.com.br
ac0471,u118,f08,Ativo,2026-05-28,daniel.lopes@suno.com.br
ac0472,u118,f03,Ativo,2026-05-28,daniel.lopes@suno.com.br
ac0473,u119,f01,Ativo,2026-05-28,daniel.lopes@suno.com.br
ac0474,u119,f02,Ativo,2026-05-28,daniel.lopes@suno.com.br
ac0475,u119,f08,Ativo,2026-05-28,daniel.lopes@suno.com.br
ac0476,u119,f03,Ativo,2026-05-28,daniel.lopes@suno.com.br
ac0477,u120,f01,Ativo,2026-05-28,daniel.lopes@suno.com.br
ac0478,u120,f02,Ativo,2026-05-28,daniel.lopes@suno.com.br
ac0479,u120,f08,Ativo,2026-05-28,daniel.lopes@suno.com.br
ac0480,u120,f03,Ativo,2026-05-28,daniel.lopes@suno.com.br
ac0481,u121,f01,Ativo,2026-05-28,daniel.lopes@suno.com.br
ac0482,u121,f02,Ativo,2026-05-28,daniel.lopes@suno.com.br
ac0483,u121,f08,Ativo,2026-05-28,daniel.lopes@suno.com.br
ac0484,u121,f03,Ativo,2026-05-28,daniel.lopes@suno.com.br
ac0485,u122,f01,Ativo,2026-05-28,daniel.lopes@suno.com.br
ac0486,u122,f02,Ativo,2026-05-28,daniel.lopes@suno.com.br
ac0487,u122,f08,Ativo,2026-05-28,daniel.lopes@suno.com.br
ac0488,u122,f03,Ativo,2026-05-28,daniel.lopes@suno.com.br
ac0489,u123,f01,Ativo,2026-05-28,daniel.lopes@suno.com.br
ac0490,u123,f02,Ativo,2026-05-28,daniel.lopes@suno.com.br
ac0491,u123,f08,Ativo,2026-05-28,daniel.lopes@suno.com.br
ac0492,u123,f03,Ativo,2026-05-28,daniel.lopes@suno.com.br
ac0493,u124,f01,Ativo,2026-05-28,daniel.lopes@suno.com.br
ac0494,u124,f02,Ativo,2026-05-28,daniel.lopes@suno.com.br
ac0495,u124,f08,Ativo,2026-05-28,daniel.lopes@suno.com.br
ac0496,u124,f03,Ativo,2026-05-28,daniel.lopes@suno.com.br
ac0497,u125,f01,Ativo,2026-05-28,daniel.lopes@suno.com.br
ac0498,u125,f02,Ativo,2026-05-28,daniel.lopes@suno.com.br
ac0499,u125,f08,Ativo,2026-05-28,daniel.lopes@suno.com.br
ac0500,u125,f03,Ativo,2026-05-28,daniel.lopes@suno.com.br
ac0501,u126,f01,Ativo,2026-05-28,daniel.lopes@suno.com.br
ac0502,u126,f02,Ativo,2026-05-28,daniel.lopes@suno.com.br
ac0503,u126,f08,Ativo,2026-05-28,daniel.lopes@suno.com.br
ac0504,u126,f03,Ativo,2026-05-28,daniel.lopes@suno.com.br
ac0505,u127,f01,Ativo,2026-05-28,daniel.lopes@suno.com.br
ac0506,u127,f02,Ativo,2026-05-28,daniel.lopes@suno.com.br
ac0507,u127,f08,Ativo,2026-05-28,daniel.lopes@suno.com.br
ac0508,u127,f03,Ativo,2026-05-28,daniel.lopes@suno.com.br
ac0509,u128,f01,Ativo,2026-05-28,daniel.lopes@suno.com.br
ac0510,u128,f02,Ativo,2026-05-28,daniel.lopes@suno.com.br
ac0511,u128,f08,Ativo,2026-05-28,daniel.lopes@suno.com.br
ac0512,u128,f03,Ativo,2026-05-28,daniel.lopes@suno.com.br
ac0513,u129,f01,Ativo,2026-05-28,daniel.lopes@suno.com.br
ac0514,u129,f02,Ativo,2026-05-28,daniel.lopes@suno.com.br
ac0515,u129,f08,Ativo,2026-05-28,daniel.lopes@suno.com.br
ac0516,u129,f03,Ativo,2026-05-28,daniel.lopes@suno.com.br
ac0517,u130,f01,Ativo,2026-05-28,daniel.lopes@suno.com.br
ac0518,u130,f02,Ativo,2026-05-28,daniel.lopes@suno.com.br
ac0519,u130,f08,Ativo,2026-05-28,daniel.lopes@suno.com.br
ac0520,u130,f03,Ativo,2026-05-28,daniel.lopes@suno.com.br
ac0521,u131,f01,Ativo,2026-05-28,daniel.lopes@suno.com.br
ac0522,u131,f02,Ativo,2026-05-28,daniel.lopes@suno.com.br
ac0523,u131,f08,Ativo,2026-05-28,daniel.lopes@suno.com.br
ac0524,u131,f03,Ativo,2026-05-28,daniel.lopes@suno.com.br
ac0525,u132,f01,Ativo,2026-05-28,daniel.lopes@suno.com.br
ac0526,u132,f02,Ativo,2026-05-28,daniel.lopes@suno.com.br
ac0527,u132,f08,Ativo,2026-05-28,daniel.lopes@suno.com.br
ac0528,u132,f03,Ativo,2026-05-28,daniel.lopes@suno.com.br
ac0529,u133,f01,Ativo,2026-05-28,daniel.lopes@suno.com.br
ac0530,u133,f02,Ativo,2026-05-28,daniel.lopes@suno.com.br
ac0531,u133,f08,Ativo,2026-05-28,daniel.lopes@suno.com.br
ac0532,u133,f03,Ativo,2026-05-28,daniel.lopes@suno.com.br
ac0533,u134,f01,Ativo,2026-05-28,daniel.lopes@suno.com.br
ac0534,u134,f02,Ativo,2026-05-28,daniel.lopes@suno.com.br
ac0535,u134,f08,Ativo,2026-05-28,daniel.lopes@suno.com.br
ac0536,u134,f03,Ativo,2026-05-28,daniel.lopes@suno.com.br
ac0537,u135,f01,Ativo,2026-05-28,daniel.lopes@suno.com.br
ac0538,u135,f02,Ativo,2026-05-28,daniel.lopes@suno.com.br
ac0539,u135,f08,Ativo,2026-05-28,daniel.lopes@suno.com.br
ac0540,u135,f03,Ativo,2026-05-28,daniel.lopes@suno.com.br
ac0541,u136,f01,Ativo,2026-05-28,daniel.lopes@suno.com.br
ac0542,u136,f02,Ativo,2026-05-28,daniel.lopes@suno.com.br
ac0543,u136,f08,Ativo,2026-05-28,daniel.lopes@suno.com.br
ac0544,u136,f03,Ativo,2026-05-28,daniel.lopes@suno.com.br
ac0545,u137,f01,Ativo,2026-05-28,daniel.lopes@suno.com.br
ac0546,u137,f02,Ativo,2026-05-28,daniel.lopes@suno.com.br
ac0547,u137,f08,Ativo,2026-05-28,daniel.lopes@suno.com.br
ac0548,u137,f03,Ativo,2026-05-28,daniel.lopes@suno.com.br
ac0549,u138,f01,Ativo,2026-05-28,daniel.lopes@suno.com.br
ac0550,u138,f02,Ativo,2026-05-28,daniel.lopes@suno.com.br
ac0551,u138,f08,Ativo,2026-05-28,daniel.lopes@suno.com.br
ac0552,u138,f03,Ativo,2026-05-28,daniel.lopes@suno.com.br
ac0553,u139,f01,Ativo,2026-05-28,daniel.lopes@suno.com.br
ac0554,u139,f02,Ativo,2026-05-28,daniel.lopes@suno.com.br
ac0555,u139,f08,Ativo,2026-05-28,daniel.lopes@suno.com.br
ac0556,u139,f03,Ativo,2026-05-28,daniel.lopes@suno.com.br
ac0557,u140,f01,Ativo,2026-05-28,daniel.lopes@suno.com.br
ac0558,u140,f02,Ativo,2026-05-28,daniel.lopes@suno.com.br
ac0559,u140,f08,Ativo,2026-05-28,daniel.lopes@suno.com.br
ac0560,u140,f03,Ativo,2026-05-28,daniel.lopes@suno.com.br
ac0561,u141,f01,Ativo,2026-05-28,daniel.lopes@suno.com.br
ac0562,u141,f02,Ativo,2026-05-28,daniel.lopes@suno.com.br
ac0563,u141,f08,Ativo,2026-05-28,daniel.lopes@suno.com.br
ac0564,u141,f03,Ativo,2026-05-28,daniel.lopes@suno.com.br
ac0565,u142,f01,Ativo,2026-05-28,daniel.lopes@suno.com.br
ac0566,u142,f02,Ativo,2026-05-28,daniel.lopes@suno.com.br
ac0567,u142,f08,Ativo,2026-05-28,daniel.lopes@suno.com.br
ac0568,u142,f03,Ativo,2026-05-28,daniel.lopes@suno.com.br
ac0569,u143,f01,Ativo,2026-05-28,daniel.lopes@suno.com.br
ac0570,u143,f02,Ativo,2026-05-28,daniel.lopes@suno.com.br
ac0571,u143,f08,Ativo,2026-05-28,daniel.lopes@suno.com.br
ac0572,u143,f03,Ativo,2026-05-28,daniel.lopes@suno.com.br
ac0573,u144,f01,Ativo,2026-05-28,daniel.lopes@suno.com.br
ac0574,u144,f02,Ativo,2026-05-28,daniel.lopes@suno.com.br
ac0575,u144,f08,Ativo,2026-05-28,daniel.lopes@suno.com.br
ac0576,u144,f03,Ativo,2026-05-28,daniel.lopes@suno.com.br
ac0577,u145,f01,Ativo,2026-05-28,daniel.lopes@suno.com.br
ac0578,u145,f02,Ativo,2026-05-28,daniel.lopes@suno.com.br
ac0579,u145,f08,Ativo,2026-05-28,daniel.lopes@suno.com.br
ac0580,u145,f03,Ativo,2026-05-28,daniel.lopes@suno.com.br
ac0581,u146,f01,Ativo,2026-05-28,daniel.lopes@suno.com.br
ac0582,u146,f02,Ativo,2026-05-28,daniel.lopes@suno.com.br
ac0583,u146,f08,Ativo,2026-05-28,daniel.lopes@suno.com.br
ac0584,u146,f03,Ativo,2026-05-28,daniel.lopes@suno.com.br
ac0585,u147,f01,Ativo,2026-05-28,daniel.lopes@suno.com.br
ac0586,u147,f02,Ativo,2026-05-28,daniel.lopes@suno.com.br
ac0587,u147,f08,Ativo,2026-05-28,daniel.lopes@suno.com.br
ac0588,u147,f03,Ativo,2026-05-28,daniel.lopes@suno.com.br
ac0589,u148,f01,Ativo,2026-05-28,daniel.lopes@suno.com.br
ac0590,u148,f02,Ativo,2026-05-28,daniel.lopes@suno.com.br
ac0591,u148,f08,Ativo,2026-05-28,daniel.lopes@suno.com.br
ac0592,u148,f03,Ativo,2026-05-28,daniel.lopes@suno.com.br
ac0593,u149,f01,Ativo,2026-05-28,daniel.lopes@suno.com.br
ac0594,u149,f02,Ativo,2026-05-28,daniel.lopes@suno.com.br
ac0595,u149,f08,Ativo,2026-05-28,daniel.lopes@suno.com.br
ac0596,u149,f03,Ativo,2026-05-28,daniel.lopes@suno.com.br
ac0597,u150,f01,Ativo,2026-05-28,daniel.lopes@suno.com.br
ac0598,u150,f02,Ativo,2026-05-28,daniel.lopes@suno.com.br
ac0599,u150,f08,Ativo,2026-05-28,daniel.lopes@suno.com.br
ac0600,u150,f03,Ativo,2026-05-28,daniel.lopes@suno.com.br
ac0601,u151,f01,Ativo,2026-05-28,daniel.lopes@suno.com.br
ac0602,u151,f02,Ativo,2026-05-28,daniel.lopes@suno.com.br
ac0603,u151,f08,Ativo,2026-05-28,daniel.lopes@suno.com.br
ac0604,u151,f03,Ativo,2026-05-28,daniel.lopes@suno.com.br
ac0605,u152,f01,Ativo,2026-05-28,daniel.lopes@suno.com.br
ac0606,u152,f02,Ativo,2026-05-28,daniel.lopes@suno.com.br
ac0607,u152,f08,Ativo,2026-05-28,daniel.lopes@suno.com.br
ac0608,u152,f03,Ativo,2026-05-28,daniel.lopes@suno.com.br
ac0609,u153,f01,Ativo,2026-05-28,daniel.lopes@suno.com.br
ac0610,u153,f02,Ativo,2026-05-28,daniel.lopes@suno.com.br
ac0611,u153,f08,Ativo,2026-05-28,daniel.lopes@suno.com.br
ac0612,u153,f03,Ativo,2026-05-28,daniel.lopes@suno.com.br
ac0613,u154,f01,Ativo,2026-05-28,daniel.lopes@suno.com.br
ac0614,u154,f02,Ativo,2026-05-28,daniel.lopes@suno.com.br
ac0615,u154,f08,Ativo,2026-05-28,daniel.lopes@suno.com.br
ac0616,u154,f03,Ativo,2026-05-28,daniel.lopes@suno.com.br
ac0617,u155,f01,Ativo,2026-05-28,daniel.lopes@suno.com.br
ac0618,u155,f02,Ativo,2026-05-28,daniel.lopes@suno.com.br
ac0619,u155,f08,Ativo,2026-05-28,daniel.lopes@suno.com.br
ac0620,u155,f03,Ativo,2026-05-28,daniel.lopes@suno.com.br
ac0621,u156,f01,Ativo,2026-05-28,daniel.lopes@suno.com.br
ac0622,u156,f02,Ativo,2026-05-28,daniel.lopes@suno.com.br
ac0623,u156,f08,Ativo,2026-05-28,daniel.lopes@suno.com.br
ac0624,u156,f03,Ativo,2026-05-28,daniel.lopes@suno.com.br
ac0625,u157,f01,Ativo,2026-05-28,daniel.lopes@suno.com.br
ac0626,u157,f02,Ativo,2026-05-28,daniel.lopes@suno.com.br
ac0627,u157,f08,Ativo,2026-05-28,daniel.lopes@suno.com.br
ac0628,u157,f03,Ativo,2026-05-28,daniel.lopes@suno.com.br
ac0629,u158,f01,Ativo,2026-05-28,daniel.lopes@suno.com.br
ac0630,u158,f02,Ativo,2026-05-28,daniel.lopes@suno.com.br
ac0631,u158,f08,Ativo,2026-05-28,daniel.lopes@suno.com.br
ac0632,u158,f03,Ativo,2026-05-28,daniel.lopes@suno.com.br
ac0633,u159,f01,Ativo,2026-05-28,daniel.lopes@suno.com.br
ac0634,u159,f02,Ativo,2026-05-28,daniel.lopes@suno.com.br
ac0635,u159,f08,Ativo,2026-05-28,daniel.lopes@suno.com.br
ac0636,u159,f03,Ativo,2026-05-28,daniel.lopes@suno.com.br
ac0637,u160,f01,Ativo,2026-05-28,daniel.lopes@suno.com.br
ac0638,u160,f02,Ativo,2026-05-28,daniel.lopes@suno.com.br
ac0639,u160,f08,Ativo,2026-05-28,daniel.lopes@suno.com.br
ac0640,u160,f03,Ativo,2026-05-28,daniel.lopes@suno.com.br
ac0641,u161,f01,Ativo,2026-05-28,daniel.lopes@suno.com.br
ac0642,u161,f02,Ativo,2026-05-28,daniel.lopes@suno.com.br
ac0643,u161,f08,Ativo,2026-05-28,daniel.lopes@suno.com.br
ac0644,u161,f03,Ativo,2026-05-28,daniel.lopes@suno.com.br
ac0645,u162,f01,Ativo,2026-05-28,daniel.lopes@suno.com.br
ac0646,u162,f02,Ativo,2026-05-28,daniel.lopes@suno.com.br
ac0647,u162,f08,Ativo,2026-05-28,daniel.lopes@suno.com.br
ac0648,u162,f03,Ativo,2026-05-28,daniel.lopes@suno.com.br
ac0649,u163,f01,Ativo,2026-05-28,daniel.lopes@suno.com.br
ac0650,u163,f02,Ativo,2026-05-28,daniel.lopes@suno.com.br
ac0651,u163,f08,Ativo,2026-05-28,daniel.lopes@suno.com.br
ac0652,u163,f03,Ativo,2026-05-28,daniel.lopes@suno.com.br
ac0653,u164,f01,Ativo,2026-05-28,daniel.lopes@suno.com.br
ac0654,u164,f02,Ativo,2026-05-28,daniel.lopes@suno.com.br
ac0655,u164,f08,Ativo,2026-05-28,daniel.lopes@suno.com.br
ac0656,u164,f03,Ativo,2026-05-28,daniel.lopes@suno.com.br
ac0657,u165,f01,Ativo,2026-05-28,daniel.lopes@suno.com.br
ac0658,u165,f02,Ativo,2026-05-28,daniel.lopes@suno.com.br
ac0659,u165,f08,Ativo,2026-05-28,daniel.lopes@suno.com.br
ac0660,u165,f03,Ativo,2026-05-28,daniel.lopes@suno.com.br
ac0661,u166,f01,Ativo,2026-05-28,daniel.lopes@suno.com.br
ac0662,u166,f02,Ativo,2026-05-28,daniel.lopes@suno.com.br
ac0663,u166,f08,Ativo,2026-05-28,daniel.lopes@suno.com.br
ac0664,u166,f03,Ativo,2026-05-28,daniel.lopes@suno.com.br
ac0665,u167,f01,Ativo,2026-05-28,daniel.lopes@suno.com.br
ac0666,u167,f02,Ativo,2026-05-28,daniel.lopes@suno.com.br
ac0667,u167,f08,Ativo,2026-05-28,daniel.lopes@suno.com.br
ac0668,u167,f03,Ativo,2026-05-28,daniel.lopes@suno.com.br
ac0669,u168,f01,Ativo,2026-05-28,daniel.lopes@suno.com.br
ac0670,u168,f02,Ativo,2026-05-28,daniel.lopes@suno.com.br
ac0671,u168,f08,Ativo,2026-05-28,daniel.lopes@suno.com.br
ac0672,u168,f03,Ativo,2026-05-28,daniel.lopes@suno.com.br
ac0673,u169,f01,Ativo,2026-05-28,daniel.lopes@suno.com.br
ac0674,u169,f02,Ativo,2026-05-28,daniel.lopes@suno.com.br
ac0675,u169,f08,Ativo,2026-05-28,daniel.lopes@suno.com.br
ac0676,u169,f03,Ativo,2026-05-28,daniel.lopes@suno.com.br
ac0677,u170,f01,Ativo,2026-05-28,daniel.lopes@suno.com.br
ac0678,u170,f02,Ativo,2026-05-28,daniel.lopes@suno.com.br
ac0679,u170,f08,Ativo,2026-05-28,daniel.lopes@suno.com.br
ac0680,u170,f03,Ativo,2026-05-28,daniel.lopes@suno.com.br
ac0681,u171,f01,Ativo,2026-05-28,daniel.lopes@suno.com.br
ac0682,u171,f02,Ativo,2026-05-28,daniel.lopes@suno.com.br
ac0683,u171,f08,Ativo,2026-05-28,daniel.lopes@suno.com.br
ac0684,u171,f03,Ativo,2026-05-28,daniel.lopes@suno.com.br
ac0685,u172,f01,Ativo,2026-05-28,daniel.lopes@suno.com.br
ac0686,u172,f02,Ativo,2026-05-28,daniel.lopes@suno.com.br
ac0687,u172,f08,Ativo,2026-05-28,daniel.lopes@suno.com.br
ac0688,u172,f03,Ativo,2026-05-28,daniel.lopes@suno.com.br
ac0689,u173,f01,Ativo,2026-05-28,daniel.lopes@suno.com.br
ac0690,u173,f02,Ativo,2026-05-28,daniel.lopes@suno.com.br
ac0691,u173,f08,Ativo,2026-05-28,daniel.lopes@suno.com.br
ac0692,u173,f03,Ativo,2026-05-28,daniel.lopes@suno.com.br
ac0693,u174,f01,Ativo,2026-05-28,daniel.lopes@suno.com.br
ac0694,u174,f02,Ativo,2026-05-28,daniel.lopes@suno.com.br
ac0695,u174,f08,Ativo,2026-05-28,daniel.lopes@suno.com.br
ac0696,u174,f03,Ativo,2026-05-28,daniel.lopes@suno.com.br
ac0697,u175,f01,Ativo,2026-05-28,daniel.lopes@suno.com.br
ac0698,u175,f02,Ativo,2026-05-28,daniel.lopes@suno.com.br
ac0699,u175,f08,Ativo,2026-05-28,daniel.lopes@suno.com.br
ac0700,u175,f03,Ativo,2026-05-28,daniel.lopes@suno.com.br
ac0701,u176,f01,Ativo,2026-05-28,daniel.lopes@suno.com.br
ac0702,u176,f02,Ativo,2026-05-28,daniel.lopes@suno.com.br
ac0703,u176,f08,Ativo,2026-05-28,daniel.lopes@suno.com.br
ac0704,u176,f03,Ativo,2026-05-28,daniel.lopes@suno.com.br
ac0705,u177,f01,Ativo,2026-05-28,daniel.lopes@suno.com.br
ac0706,u177,f02,Ativo,2026-05-28,daniel.lopes@suno.com.br
ac0707,u177,f08,Ativo,2026-05-28,daniel.lopes@suno.com.br
ac0708,u177,f03,Ativo,2026-05-28,daniel.lopes@suno.com.br
ac0709,u178,f01,Ativo,2026-05-28,daniel.lopes@suno.com.br
ac0710,u178,f02,Ativo,2026-05-28,daniel.lopes@suno.com.br
ac0711,u178,f08,Ativo,2026-05-28,daniel.lopes@suno.com.br
ac0712,u178,f03,Ativo,2026-05-28,daniel.lopes@suno.com.br
ac0713,u179,f01,Ativo,2026-05-28,daniel.lopes@suno.com.br
ac0714,u179,f02,Ativo,2026-05-28,daniel.lopes@suno.com.br
ac0715,u179,f08,Ativo,2026-05-28,daniel.lopes@suno.com.br
ac0716,u179,f03,Ativo,2026-05-28,daniel.lopes@suno.com.br
ac0717,u180,f01,Ativo,2026-05-28,daniel.lopes@suno.com.br
ac0718,u180,f02,Ativo,2026-05-28,daniel.lopes@suno.com.br
ac0719,u180,f08,Ativo,2026-05-28,daniel.lopes@suno.com.br
ac0720,u180,f03,Ativo,2026-05-28,daniel.lopes@suno.com.br
ac0721,u181,f01,Ativo,2026-05-28,daniel.lopes@suno.com.br
ac0722,u181,f02,Ativo,2026-05-28,daniel.lopes@suno.com.br
ac0723,u181,f08,Ativo,2026-05-28,daniel.lopes@suno.com.br
ac0724,u181,f03,Ativo,2026-05-28,daniel.lopes@suno.com.br
ac0725,u182,f01,Ativo,2026-05-28,daniel.lopes@suno.com.br
ac0726,u182,f02,Ativo,2026-05-28,daniel.lopes@suno.com.br
ac0727,u182,f08,Ativo,2026-05-28,daniel.lopes@suno.com.br
ac0728,u182,f03,Ativo,2026-05-28,daniel.lopes@suno.com.br
ac0729,u183,f01,Ativo,2026-05-28,daniel.lopes@suno.com.br
ac0730,u183,f02,Ativo,2026-05-28,daniel.lopes@suno.com.br
ac0731,u183,f08,Ativo,2026-05-28,daniel.lopes@suno.com.br
ac0732,u183,f03,Ativo,2026-05-28,daniel.lopes@suno.com.br
ac0733,u184,f01,Ativo,2026-05-28,daniel.lopes@suno.com.br
ac0734,u184,f02,Ativo,2026-05-28,daniel.lopes@suno.com.br
ac0735,u184,f08,Ativo,2026-05-28,daniel.lopes@suno.com.br
ac0736,u184,f03,Ativo,2026-05-28,daniel.lopes@suno.com.br
ac0737,u185,f01,Ativo,2026-05-28,daniel.lopes@suno.com.br
ac0738,u185,f02,Ativo,2026-05-28,daniel.lopes@suno.com.br
ac0739,u185,f08,Ativo,2026-05-28,daniel.lopes@suno.com.br
ac0740,u185,f03,Ativo,2026-05-28,daniel.lopes@suno.com.br
ac0741,u186,f01,Ativo,2026-05-28,daniel.lopes@suno.com.br
ac0742,u186,f02,Ativo,2026-05-28,daniel.lopes@suno.com.br
ac0743,u186,f08,Ativo,2026-05-28,daniel.lopes@suno.com.br
ac0744,u186,f03,Ativo,2026-05-28,daniel.lopes@suno.com.br
ac0745,u187,f01,Ativo,2026-05-28,daniel.lopes@suno.com.br
ac0746,u187,f02,Ativo,2026-05-28,daniel.lopes@suno.com.br
ac0747,u187,f08,Ativo,2026-05-28,daniel.lopes@suno.com.br
ac0748,u187,f03,Ativo,2026-05-28,daniel.lopes@suno.com.br
ac0749,u188,f01,Ativo,2026-05-28,daniel.lopes@suno.com.br
ac0750,u188,f02,Ativo,2026-05-28,daniel.lopes@suno.com.br
ac0751,u188,f08,Ativo,2026-05-28,daniel.lopes@suno.com.br
ac0752,u188,f03,Ativo,2026-05-28,daniel.lopes@suno.com.br
ac0753,u189,f01,Ativo,2026-05-28,daniel.lopes@suno.com.br
ac0754,u189,f02,Ativo,2026-05-28,daniel.lopes@suno.com.br
ac0755,u189,f08,Ativo,2026-05-28,daniel.lopes@suno.com.br
ac0756,u189,f03,Ativo,2026-05-28,daniel.lopes@suno.com.br
ac0757,u190,f01,Ativo,2026-05-28,daniel.lopes@suno.com.br
ac0758,u190,f02,Ativo,2026-05-28,daniel.lopes@suno.com.br
ac0759,u190,f08,Ativo,2026-05-28,daniel.lopes@suno.com.br
ac0760,u190,f03,Ativo,2026-05-28,daniel.lopes@suno.com.br
ac0761,u191,f01,Ativo,2026-05-28,daniel.lopes@suno.com.br
ac0762,u191,f02,Ativo,2026-05-28,daniel.lopes@suno.com.br
ac0763,u191,f08,Ativo,2026-05-28,daniel.lopes@suno.com.br
ac0764,u191,f03,Ativo,2026-05-28,daniel.lopes@suno.com.br
ac0765,u192,f01,Ativo,2026-05-28,daniel.lopes@suno.com.br
ac0766,u192,f02,Ativo,2026-05-28,daniel.lopes@suno.com.br
ac0767,u192,f08,Ativo,2026-05-28,daniel.lopes@suno.com.br
ac0768,u192,f03,Ativo,2026-05-28,daniel.lopes@suno.com.br
ac0769,u193,f01,Ativo,2026-05-28,daniel.lopes@suno.com.br
ac0770,u193,f02,Ativo,2026-05-28,daniel.lopes@suno.com.br
ac0771,u193,f08,Ativo,2026-05-28,daniel.lopes@suno.com.br
ac0772,u193,f03,Ativo,2026-05-28,daniel.lopes@suno.com.br
ac0773,u194,f01,Ativo,2026-05-28,daniel.lopes@suno.com.br
ac0774,u194,f02,Ativo,2026-05-28,daniel.lopes@suno.com.br
ac0775,u194,f08,Ativo,2026-05-28,daniel.lopes@suno.com.br
ac0776,u194,f03,Ativo,2026-05-28,daniel.lopes@suno.com.br
ac0777,u195,f01,Ativo,2026-05-28,daniel.lopes@suno.com.br
ac0778,u195,f02,Ativo,2026-05-28,daniel.lopes@suno.com.br
ac0779,u195,f08,Ativo,2026-05-28,daniel.lopes@suno.com.br
ac0780,u195,f03,Ativo,2026-05-28,daniel.lopes@suno.com.br
ac0781,u196,f01,Ativo,2026-05-28,daniel.lopes@suno.com.br
ac0782,u196,f02,Ativo,2026-05-28,daniel.lopes@suno.com.br
ac0783,u196,f08,Ativo,2026-05-28,daniel.lopes@suno.com.br
ac0784,u196,f03,Ativo,2026-05-28,daniel.lopes@suno.com.br
ac0785,u197,f01,Ativo,2026-05-28,daniel.lopes@suno.com.br
ac0786,u197,f02,Ativo,2026-05-28,daniel.lopes@suno.com.br
ac0787,u197,f08,Ativo,2026-05-28,daniel.lopes@suno.com.br
ac0788,u197,f03,Ativo,2026-05-28,daniel.lopes@suno.com.br
ac0789,u198,f01,Ativo,2026-05-28,daniel.lopes@suno.com.br
ac0790,u198,f02,Ativo,2026-05-28,daniel.lopes@suno.com.br
ac0791,u198,f08,Ativo,2026-05-28,daniel.lopes@suno.com.br
ac0792,u198,f03,Ativo,2026-05-28,daniel.lopes@suno.com.br
ac0793,u199,f01,Ativo,2026-05-28,daniel.lopes@suno.com.br
ac0794,u199,f02,Ativo,2026-05-28,daniel.lopes@suno.com.br
ac0795,u199,f08,Ativo,2026-05-28,daniel.lopes@suno.com.br
ac0796,u199,f03,Ativo,2026-05-28,daniel.lopes@suno.com.br
ac0797,u200,f01,Ativo,2026-05-28,daniel.lopes@suno.com.br
ac0798,u200,f02,Ativo,2026-05-28,daniel.lopes@suno.com.br
ac0799,u200,f08,Ativo,2026-05-28,daniel.lopes@suno.com.br
ac0800,u200,f03,Ativo,2026-05-28,daniel.lopes@suno.com.br
ac0801,u201,f01,Ativo,2026-05-28,daniel.lopes@suno.com.br
ac0802,u201,f02,Ativo,2026-05-28,daniel.lopes@suno.com.br
ac0803,u201,f08,Ativo,2026-05-28,daniel.lopes@suno.com.br
ac0804,u201,f03,Ativo,2026-05-28,daniel.lopes@suno.com.br
ac0805,u202,f01,Ativo,2026-05-28,daniel.lopes@suno.com.br
ac0806,u202,f02,Ativo,2026-05-28,daniel.lopes@suno.com.br
ac0807,u202,f08,Ativo,2026-05-28,daniel.lopes@suno.com.br
ac0808,u202,f03,Ativo,2026-05-28,daniel.lopes@suno.com.br
ac0809,u203,f01,Ativo,2026-05-28,daniel.lopes@suno.com.br
ac0810,u203,f02,Ativo,2026-05-28,daniel.lopes@suno.com.br
ac0811,u203,f08,Ativo,2026-05-28,daniel.lopes@suno.com.br
ac0812,u203,f03,Ativo,2026-05-28,daniel.lopes@suno.com.br
ac0813,u204,f01,Ativo,2026-05-28,daniel.lopes@suno.com.br
ac0814,u204,f02,Ativo,2026-05-28,daniel.lopes@suno.com.br
ac0815,u204,f08,Ativo,2026-05-28,daniel.lopes@suno.com.br
ac0816,u204,f03,Ativo,2026-05-28,daniel.lopes@suno.com.br
ac0817,u205,f01,Ativo,2026-05-28,daniel.lopes@suno.com.br
ac0818,u205,f02,Ativo,2026-05-28,daniel.lopes@suno.com.br
ac0819,u205,f08,Ativo,2026-05-28,daniel.lopes@suno.com.br
ac0820,u205,f03,Ativo,2026-05-28,daniel.lopes@suno.com.br
ac0821,u206,f01,Ativo,2026-05-28,daniel.lopes@suno.com.br
ac0822,u206,f02,Ativo,2026-05-28,daniel.lopes@suno.com.br
ac0823,u206,f08,Ativo,2026-05-28,daniel.lopes@suno.com.br
ac0824,u206,f03,Ativo,2026-05-28,daniel.lopes@suno.com.br
ac0825,u207,f01,Ativo,2026-05-28,daniel.lopes@suno.com.br
ac0826,u207,f02,Ativo,2026-05-28,daniel.lopes@suno.com.br
ac0827,u207,f08,Ativo,2026-05-28,daniel.lopes@suno.com.br
ac0828,u207,f03,Ativo,2026-05-28,daniel.lopes@suno.com.br
ac0829,u208,f01,Ativo,2026-05-28,daniel.lopes@suno.com.br
ac0830,u208,f02,Ativo,2026-05-28,daniel.lopes@suno.com.br
ac0831,u208,f08,Ativo,2026-05-28,daniel.lopes@suno.com.br
ac0832,u208,f03,Ativo,2026-05-28,daniel.lopes@suno.com.br
ac0833,u209,f01,Ativo,2026-05-28,daniel.lopes@suno.com.br
ac0834,u209,f02,Ativo,2026-05-28,daniel.lopes@suno.com.br
ac0835,u209,f08,Ativo,2026-05-28,daniel.lopes@suno.com.br
ac0836,u209,f03,Ativo,2026-05-28,daniel.lopes@suno.com.br
ac0837,u210,f01,Ativo,2026-05-28,daniel.lopes@suno.com.br
ac0838,u210,f02,Ativo,2026-05-28,daniel.lopes@suno.com.br
ac0839,u210,f08,Ativo,2026-05-28,daniel.lopes@suno.com.br
ac0840,u210,f03,Ativo,2026-05-28,daniel.lopes@suno.com.br
ac0841,u211,f01,Ativo,2026-05-28,daniel.lopes@suno.com.br
ac0842,u211,f02,Ativo,2026-05-28,daniel.lopes@suno.com.br
ac0843,u211,f08,Ativo,2026-05-28,daniel.lopes@suno.com.br
ac0844,u211,f03,Ativo,2026-05-28,daniel.lopes@suno.com.br
ac0845,u212,f01,Ativo,2026-05-28,daniel.lopes@suno.com.br
ac0846,u212,f02,Ativo,2026-05-28,daniel.lopes@suno.com.br
ac0847,u212,f08,Ativo,2026-05-28,daniel.lopes@suno.com.br
ac0848,u212,f03,Ativo,2026-05-28,daniel.lopes@suno.com.br
ac0849,u213,f01,Ativo,2026-05-28,daniel.lopes@suno.com.br
ac0850,u213,f02,Ativo,2026-05-28,daniel.lopes@suno.com.br
ac0851,u213,f08,Ativo,2026-05-28,daniel.lopes@suno.com.br
ac0852,u213,f03,Ativo,2026-05-28,daniel.lopes@suno.com.br
ac0853,u214,f01,Ativo,2026-05-28,daniel.lopes@suno.com.br
ac0854,u214,f02,Ativo,2026-05-28,daniel.lopes@suno.com.br
ac0855,u214,f08,Ativo,2026-05-28,daniel.lopes@suno.com.br
ac0856,u214,f03,Ativo,2026-05-28,daniel.lopes@suno.com.br
ac0857,u215,f01,Ativo,2026-05-28,daniel.lopes@suno.com.br
ac0858,u215,f02,Ativo,2026-05-28,daniel.lopes@suno.com.br
ac0859,u215,f08,Ativo,2026-05-28,daniel.lopes@suno.com.br
ac0860,u215,f03,Ativo,2026-05-28,daniel.lopes@suno.com.br
ac0861,u216,f01,Ativo,2026-05-28,daniel.lopes@suno.com.br
ac0862,u216,f02,Ativo,2026-05-28,daniel.lopes@suno.com.br
ac0863,u216,f08,Ativo,2026-05-28,daniel.lopes@suno.com.br
ac0864,u216,f03,Ativo,2026-05-28,daniel.lopes@suno.com.br
ac0865,u217,f01,Ativo,2026-05-28,daniel.lopes@suno.com.br
ac0866,u217,f02,Ativo,2026-05-28,daniel.lopes@suno.com.br
ac0867,u217,f08,Ativo,2026-05-28,daniel.lopes@suno.com.br
ac0868,u217,f03,Ativo,2026-05-28,daniel.lopes@suno.com.br
ac0869,u218,f01,Ativo,2026-05-28,daniel.lopes@suno.com.br
ac0870,u218,f02,Ativo,2026-05-28,daniel.lopes@suno.com.br
ac0871,u218,f08,Ativo,2026-05-28,daniel.lopes@suno.com.br
ac0872,u218,f03,Ativo,2026-05-28,daniel.lopes@suno.com.br
ac0873,u219,f01,Ativo,2026-05-28,daniel.lopes@suno.com.br
ac0874,u219,f02,Ativo,2026-05-28,daniel.lopes@suno.com.br
ac0875,u219,f08,Ativo,2026-05-28,daniel.lopes@suno.com.br
ac0876,u219,f03,Ativo,2026-05-28,daniel.lopes@suno.com.br
ac0877,u220,f01,Ativo,2026-05-28,daniel.lopes@suno.com.br
ac0878,u220,f02,Ativo,2026-05-28,daniel.lopes@suno.com.br
ac0879,u220,f08,Ativo,2026-05-28,daniel.lopes@suno.com.br
ac0880,u220,f03,Ativo,2026-05-28,daniel.lopes@suno.com.br
ac0881,u221,f01,Ativo,2026-05-28,daniel.lopes@suno.com.br
ac0882,u221,f02,Ativo,2026-05-28,daniel.lopes@suno.com.br
ac0883,u221,f08,Ativo,2026-05-28,daniel.lopes@suno.com.br
ac0884,u221,f03,Ativo,2026-05-28,daniel.lopes@suno.com.br
ac0885,u222,f01,Ativo,2026-05-28,daniel.lopes@suno.com.br
ac0886,u222,f02,Ativo,2026-05-28,daniel.lopes@suno.com.br
ac0887,u222,f08,Ativo,2026-05-28,daniel.lopes@suno.com.br
ac0888,u222,f03,Ativo,2026-05-28,daniel.lopes@suno.com.br
ac0889,u223,f01,Ativo,2026-05-28,daniel.lopes@suno.com.br
ac0890,u223,f02,Ativo,2026-05-28,daniel.lopes@suno.com.br
ac0891,u223,f08,Ativo,2026-05-28,daniel.lopes@suno.com.br
ac0892,u223,f03,Ativo,2026-05-28,daniel.lopes@suno.com.br
ac0893,u224,f01,Ativo,2026-05-28,daniel.lopes@suno.com.br
ac0894,u224,f02,Ativo,2026-05-28,daniel.lopes@suno.com.br
ac0895,u224,f08,Ativo,2026-05-28,daniel.lopes@suno.com.br
ac0896,u224,f03,Ativo,2026-05-28,daniel.lopes@suno.com.br
ac0897,u225,f01,Ativo,2026-05-28,daniel.lopes@suno.com.br
ac0898,u225,f02,Ativo,2026-05-28,daniel.lopes@suno.com.br
ac0899,u225,f08,Ativo,2026-05-28,daniel.lopes@suno.com.br
ac0900,u225,f03,Ativo,2026-05-28,daniel.lopes@suno.com.br
ac0901,u226,f01,Ativo,2026-05-28,daniel.lopes@suno.com.br
ac0902,u226,f02,Ativo,2026-05-28,daniel.lopes@suno.com.br
ac0903,u226,f08,Ativo,2026-05-28,daniel.lopes@suno.com.br
ac0904,u226,f03,Ativo,2026-05-28,daniel.lopes@suno.com.br
ac0905,u227,f01,Ativo,2026-05-28,daniel.lopes@suno.com.br
ac0906,u227,f02,Ativo,2026-05-28,daniel.lopes@suno.com.br
ac0907,u227,f08,Ativo,2026-05-28,daniel.lopes@suno.com.br
ac0908,u227,f03,Ativo,2026-05-28,daniel.lopes@suno.com.br
ac0909,u228,f01,Ativo,2026-05-28,daniel.lopes@suno.com.br
ac0910,u228,f02,Ativo,2026-05-28,daniel.lopes@suno.com.br
ac0911,u228,f08,Ativo,2026-05-28,daniel.lopes@suno.com.br
ac0912,u228,f03,Ativo,2026-05-28,daniel.lopes@suno.com.br
ac0913,u229,f01,Ativo,2026-05-28,daniel.lopes@suno.com.br
ac0914,u229,f02,Ativo,2026-05-28,daniel.lopes@suno.com.br
ac0915,u229,f08,Ativo,2026-05-28,daniel.lopes@suno.com.br
ac0916,u229,f03,Ativo,2026-05-28,daniel.lopes@suno.com.br
ac0917,u230,f01,Ativo,2026-05-28,daniel.lopes@suno.com.br
ac0918,u230,f02,Ativo,2026-05-28,daniel.lopes@suno.com.br
ac0919,u230,f08,Ativo,2026-05-28,daniel.lopes@suno.com.br
ac0920,u230,f03,Ativo,2026-05-28,daniel.lopes@suno.com.br
ac0921,u231,f01,Ativo,2026-05-28,daniel.lopes@suno.com.br
ac0922,u231,f02,Ativo,2026-05-28,daniel.lopes@suno.com.br
ac0923,u231,f08,Ativo,2026-05-28,daniel.lopes@suno.com.br
ac0924,u231,f03,Ativo,2026-05-28,daniel.lopes@suno.com.br
ac0925,u232,f01,Ativo,2026-05-28,daniel.lopes@suno.com.br
ac0926,u232,f02,Ativo,2026-05-28,daniel.lopes@suno.com.br
ac0927,u232,f08,Ativo,2026-05-28,daniel.lopes@suno.com.br
ac0928,u232,f03,Ativo,2026-05-28,daniel.lopes@suno.com.br
ac0929,u233,f01,Ativo,2026-05-28,daniel.lopes@suno.com.br
ac0930,u233,f02,Ativo,2026-05-28,daniel.lopes@suno.com.br
ac0931,u233,f08,Ativo,2026-05-28,daniel.lopes@suno.com.br
ac0932,u233,f03,Ativo,2026-05-28,daniel.lopes@suno.com.br
ac0933,u234,f01,Ativo,2026-05-28,daniel.lopes@suno.com.br
ac0934,u234,f02,Ativo,2026-05-28,daniel.lopes@suno.com.br
ac0935,u234,f08,Ativo,2026-05-28,daniel.lopes@suno.com.br
ac0936,u234,f03,Ativo,2026-05-28,daniel.lopes@suno.com.br
ac0937,u235,f01,Ativo,2026-05-28,daniel.lopes@suno.com.br
ac0938,u235,f02,Ativo,2026-05-28,daniel.lopes@suno.com.br
ac0939,u235,f08,Ativo,2026-05-28,daniel.lopes@suno.com.br
ac0940,u235,f03,Ativo,2026-05-28,daniel.lopes@suno.com.br
ac0941,u236,f01,Ativo,2026-05-28,daniel.lopes@suno.com.br
ac0942,u236,f02,Ativo,2026-05-28,daniel.lopes@suno.com.br
ac0943,u236,f08,Ativo,2026-05-28,daniel.lopes@suno.com.br
ac0944,u236,f03,Ativo,2026-05-28,daniel.lopes@suno.com.br
ac0945,u237,f01,Ativo,2026-05-28,daniel.lopes@suno.com.br
ac0946,u237,f02,Ativo,2026-05-28,daniel.lopes@suno.com.br
ac0947,u237,f08,Ativo,2026-05-28,daniel.lopes@suno.com.br
ac0948,u237,f03,Ativo,2026-05-28,daniel.lopes@suno.com.br
ac0949,u238,f01,Ativo,2026-05-28,daniel.lopes@suno.com.br
ac0950,u238,f02,Ativo,2026-05-28,daniel.lopes@suno.com.br
ac0951,u238,f08,Ativo,2026-05-28,daniel.lopes@suno.com.br
ac0952,u238,f03,Ativo,2026-05-28,daniel.lopes@suno.com.br
ac0953,u239,f01,Ativo,2026-05-28,daniel.lopes@suno.com.br
ac0954,u239,f02,Ativo,2026-05-28,daniel.lopes@suno.com.br
ac0955,u239,f08,Ativo,2026-05-28,daniel.lopes@suno.com.br
ac0956,u239,f03,Ativo,2026-05-28,daniel.lopes@suno.com.br
ac0957,u240,f01,Ativo,2026-05-28,daniel.lopes@suno.com.br
ac0958,u240,f02,Ativo,2026-05-28,daniel.lopes@suno.com.br
ac0959,u240,f08,Ativo,2026-05-28,daniel.lopes@suno.com.br
ac0960,u240,f03,Ativo,2026-05-28,daniel.lopes@suno.com.br
ac0961,u241,f01,Ativo,2026-05-28,daniel.lopes@suno.com.br
ac0962,u241,f02,Ativo,2026-05-28,daniel.lopes@suno.com.br
ac0963,u241,f08,Ativo,2026-05-28,daniel.lopes@suno.com.br
ac0964,u241,f03,Ativo,2026-05-28,daniel.lopes@suno.com.br
ac0965,u242,f01,Ativo,2026-05-28,daniel.lopes@suno.com.br
ac0966,u242,f02,Ativo,2026-05-28,daniel.lopes@suno.com.br
ac0967,u242,f08,Ativo,2026-05-28,daniel.lopes@suno.com.br
ac0968,u242,f03,Ativo,2026-05-28,daniel.lopes@suno.com.br
ac0969,u243,f01,Ativo,2026-05-28,daniel.lopes@suno.com.br
ac0970,u243,f02,Ativo,2026-05-28,daniel.lopes@suno.com.br
ac0971,u243,f08,Ativo,2026-05-28,daniel.lopes@suno.com.br
ac0972,u243,f03,Ativo,2026-05-28,daniel.lopes@suno.com.br
ac0973,u244,f01,Ativo,2026-05-28,daniel.lopes@suno.com.br
ac0974,u244,f02,Ativo,2026-05-28,daniel.lopes@suno.com.br
ac0975,u244,f08,Ativo,2026-05-28,daniel.lopes@suno.com.br
ac0976,u244,f03,Ativo,2026-05-28,daniel.lopes@suno.com.br
ac0977,u245,f01,Ativo,2026-05-28,daniel.lopes@suno.com.br
ac0978,u245,f02,Ativo,2026-05-28,daniel.lopes@suno.com.br
ac0979,u245,f08,Ativo,2026-05-28,daniel.lopes@suno.com.br
ac0980,u245,f03,Ativo,2026-05-28,daniel.lopes@suno.com.br
ac0981,u246,f01,Ativo,2026-05-28,daniel.lopes@suno.com.br
ac0982,u246,f02,Ativo,2026-05-28,daniel.lopes@suno.com.br
ac0983,u246,f08,Ativo,2026-05-28,daniel.lopes@suno.com.br
ac0984,u246,f03,Ativo,2026-05-28,daniel.lopes@suno.com.br
ac0985,u247,f01,Ativo,2026-05-28,daniel.lopes@suno.com.br
ac0986,u247,f02,Ativo,2026-05-28,daniel.lopes@suno.com.br
ac0987,u247,f08,Ativo,2026-05-28,daniel.lopes@suno.com.br
ac0988,u247,f03,Ativo,2026-05-28,daniel.lopes@suno.com.br
ac0989,u248,f01,Ativo,2026-05-28,daniel.lopes@suno.com.br
ac0990,u248,f02,Ativo,2026-05-28,daniel.lopes@suno.com.br
ac0991,u248,f08,Ativo,2026-05-28,daniel.lopes@suno.com.br
ac0992,u248,f03,Ativo,2026-05-28,daniel.lopes@suno.com.br
ac0993,u249,f01,Ativo,2026-05-28,daniel.lopes@suno.com.br
ac0994,u249,f02,Ativo,2026-05-28,daniel.lopes@suno.com.br
ac0995,u249,f08,Ativo,2026-05-28,daniel.lopes@suno.com.br
ac0996,u249,f03,Ativo,2026-05-28,daniel.lopes@suno.com.br
ac0997,u250,f01,Ativo,2026-05-28,daniel.lopes@suno.com.br
ac0998,u250,f02,Ativo,2026-05-28,daniel.lopes@suno.com.br
ac0999,u250,f08,Ativo,2026-05-28,daniel.lopes@suno.com.br
ac1000,u250,f03,Ativo,2026-05-28,daniel.lopes@suno.com.br
ac1001,u251,f01,Ativo,2026-05-28,daniel.lopes@suno.com.br
ac1002,u251,f02,Ativo,2026-05-28,daniel.lopes@suno.com.br
ac1003,u251,f08,Ativo,2026-05-28,daniel.lopes@suno.com.br
ac1004,u251,f03,Ativo,2026-05-28,daniel.lopes@suno.com.br
ac1005,u252,f01,Ativo,2026-05-28,daniel.lopes@suno.com.br
ac1006,u252,f02,Ativo,2026-05-28,daniel.lopes@suno.com.br
ac1007,u252,f08,Ativo,2026-05-28,daniel.lopes@suno.com.br
ac1008,u252,f03,Ativo,2026-05-28,daniel.lopes@suno.com.br
ac1009,u253,f01,Ativo,2026-05-28,daniel.lopes@suno.com.br
ac1010,u253,f02,Ativo,2026-05-28,daniel.lopes@suno.com.br
ac1011,u253,f08,Ativo,2026-05-28,daniel.lopes@suno.com.br
ac1012,u253,f03,Ativo,2026-05-28,daniel.lopes@suno.com.br
ac1013,u254,f01,Ativo,2026-05-28,daniel.lopes@suno.com.br
ac1014,u254,f02,Ativo,2026-05-28,daniel.lopes@suno.com.br
ac1015,u254,f08,Ativo,2026-05-28,daniel.lopes@suno.com.br
ac1016,u254,f03,Ativo,2026-05-28,daniel.lopes@suno.com.br
ac1017,u255,f01,Ativo,2026-05-28,daniel.lopes@suno.com.br
ac1018,u255,f02,Ativo,2026-05-28,daniel.lopes@suno.com.br
ac1019,u255,f08,Ativo,2026-05-28,daniel.lopes@suno.com.br
ac1020,u255,f03,Ativo,2026-05-28,daniel.lopes@suno.com.br
ac1021,u256,f01,Ativo,2026-05-28,daniel.lopes@suno.com.br
ac1022,u256,f02,Ativo,2026-05-28,daniel.lopes@suno.com.br
ac1023,u256,f08,Ativo,2026-05-28,daniel.lopes@suno.com.br
ac1024,u256,f03,Ativo,2026-05-28,daniel.lopes@suno.com.br
ac1025,u257,f01,Ativo,2026-05-28,daniel.lopes@suno.com.br
ac1026,u257,f02,Ativo,2026-05-28,daniel.lopes@suno.com.br
ac1027,u257,f08,Ativo,2026-05-28,daniel.lopes@suno.com.br
ac1028,u257,f03,Ativo,2026-05-28,daniel.lopes@suno.com.br
ac1029,u258,f01,Ativo,2026-05-28,daniel.lopes@suno.com.br
ac1030,u258,f02,Ativo,2026-05-28,daniel.lopes@suno.com.br
ac1031,u258,f08,Ativo,2026-05-28,daniel.lopes@suno.com.br
ac1032,u258,f03,Ativo,2026-05-28,daniel.lopes@suno.com.br
ac1033,u259,f01,Ativo,2026-05-28,daniel.lopes@suno.com.br
ac1034,u259,f02,Ativo,2026-05-28,daniel.lopes@suno.com.br
ac1035,u259,f08,Ativo,2026-05-28,daniel.lopes@suno.com.br
ac1036,u259,f03,Ativo,2026-05-28,daniel.lopes@suno.com.br
ac1037,u260,f01,Ativo,2026-05-28,daniel.lopes@suno.com.br
ac1038,u260,f02,Ativo,2026-05-28,daniel.lopes@suno.com.br
ac1039,u260,f08,Ativo,2026-05-28,daniel.lopes@suno.com.br
ac1040,u260,f03,Ativo,2026-05-28,daniel.lopes@suno.com.br
ac1041,u261,f01,Ativo,2026-05-28,daniel.lopes@suno.com.br
ac1042,u261,f02,Ativo,2026-05-28,daniel.lopes@suno.com.br
ac1043,u261,f08,Ativo,2026-05-28,daniel.lopes@suno.com.br
ac1044,u261,f03,Ativo,2026-05-28,daniel.lopes@suno.com.br
ac1045,u262,f01,Ativo,2026-05-28,daniel.lopes@suno.com.br
ac1046,u262,f02,Ativo,2026-05-28,daniel.lopes@suno.com.br
ac1047,u262,f08,Ativo,2026-05-28,daniel.lopes@suno.com.br
ac1048,u262,f03,Ativo,2026-05-28,daniel.lopes@suno.com.br
ac1049,u263,f01,Ativo,2026-05-28,daniel.lopes@suno.com.br
ac1050,u263,f02,Ativo,2026-05-28,daniel.lopes@suno.com.br
ac1051,u263,f08,Ativo,2026-05-28,daniel.lopes@suno.com.br
ac1052,u263,f03,Ativo,2026-05-28,daniel.lopes@suno.com.br
ac1053,u264,f01,Ativo,2026-05-28,daniel.lopes@suno.com.br
ac1054,u264,f02,Ativo,2026-05-28,daniel.lopes@suno.com.br
ac1055,u264,f08,Ativo,2026-05-28,daniel.lopes@suno.com.br
ac1056,u264,f03,Ativo,2026-05-28,daniel.lopes@suno.com.br
ac1057,u265,f01,Ativo,2026-05-28,daniel.lopes@suno.com.br
ac1058,u265,f02,Ativo,2026-05-28,daniel.lopes@suno.com.br
ac1059,u265,f08,Ativo,2026-05-28,daniel.lopes@suno.com.br
ac1060,u265,f03,Ativo,2026-05-28,daniel.lopes@suno.com.br
ac1061,u266,f01,Ativo,2026-05-28,daniel.lopes@suno.com.br
ac1062,u266,f02,Ativo,2026-05-28,daniel.lopes@suno.com.br
ac1063,u266,f08,Ativo,2026-05-28,daniel.lopes@suno.com.br
ac1064,u266,f03,Ativo,2026-05-28,daniel.lopes@suno.com.br
ac1065,u267,f01,Ativo,2026-05-28,daniel.lopes@suno.com.br
ac1066,u267,f02,Ativo,2026-05-28,daniel.lopes@suno.com.br
ac1067,u267,f08,Ativo,2026-05-28,daniel.lopes@suno.com.br
ac1068,u267,f03,Ativo,2026-05-28,daniel.lopes@suno.com.br
ac1069,u268,f01,Ativo,2026-05-28,daniel.lopes@suno.com.br
ac1070,u268,f02,Ativo,2026-05-28,daniel.lopes@suno.com.br
ac1071,u268,f08,Ativo,2026-05-28,daniel.lopes@suno.com.br
ac1072,u268,f03,Ativo,2026-05-28,daniel.lopes@suno.com.br
ac1073,u269,f01,Ativo,2026-05-28,daniel.lopes@suno.com.br
ac1074,u269,f02,Ativo,2026-05-28,daniel.lopes@suno.com.br
ac1075,u269,f08,Ativo,2026-05-28,daniel.lopes@suno.com.br
ac1076,u269,f03,Ativo,2026-05-28,daniel.lopes@suno.com.br
ac1077,u270,f01,Ativo,2026-05-28,daniel.lopes@suno.com.br
ac1078,u270,f02,Ativo,2026-05-28,daniel.lopes@suno.com.br
ac1079,u270,f08,Ativo,2026-05-28,daniel.lopes@suno.com.br
ac1080,u270,f03,Ativo,2026-05-28,daniel.lopes@suno.com.br
ac1081,u271,f01,Ativo,2026-05-28,daniel.lopes@suno.com.br
ac1082,u271,f02,Ativo,2026-05-28,daniel.lopes@suno.com.br
ac1083,u271,f08,Ativo,2026-05-28,daniel.lopes@suno.com.br
ac1084,u271,f03,Ativo,2026-05-28,daniel.lopes@suno.com.br
ac1085,u272,f01,Ativo,2026-05-28,daniel.lopes@suno.com.br
ac1086,u272,f02,Ativo,2026-05-28,daniel.lopes@suno.com.br
ac1087,u272,f08,Ativo,2026-05-28,daniel.lopes@suno.com.br
ac1088,u272,f03,Ativo,2026-05-28,daniel.lopes@suno.com.br
ac1089,u273,f01,Ativo,2026-05-28,daniel.lopes@suno.com.br
ac1090,u273,f02,Ativo,2026-05-28,daniel.lopes@suno.com.br
ac1091,u273,f08,Ativo,2026-05-28,daniel.lopes@suno.com.br
ac1092,u273,f03,Ativo,2026-05-28,daniel.lopes@suno.com.br
ac1093,u274,f01,Ativo,2026-05-28,daniel.lopes@suno.com.br
ac1094,u274,f02,Ativo,2026-05-28,daniel.lopes@suno.com.br
ac1095,u274,f08,Ativo,2026-05-28,daniel.lopes@suno.com.br
ac1096,u274,f03,Ativo,2026-05-28,daniel.lopes@suno.com.br
ac1097,u275,f01,Ativo,2026-05-28,daniel.lopes@suno.com.br
ac1098,u275,f02,Ativo,2026-05-28,daniel.lopes@suno.com.br
ac1099,u275,f08,Ativo,2026-05-28,daniel.lopes@suno.com.br
ac1100,u275,f03,Ativo,2026-05-28,daniel.lopes@suno.com.br
ac1101,u276,f01,Ativo,2026-05-28,daniel.lopes@suno.com.br
ac1102,u276,f02,Ativo,2026-05-28,daniel.lopes@suno.com.br
ac1103,u276,f08,Ativo,2026-05-28,daniel.lopes@suno.com.br
ac1104,u276,f03,Ativo,2026-05-28,daniel.lopes@suno.com.br
ac1105,u277,f01,Ativo,2026-05-28,daniel.lopes@suno.com.br
ac1106,u277,f02,Ativo,2026-05-28,daniel.lopes@suno.com.br
ac1107,u277,f08,Ativo,2026-05-28,daniel.lopes@suno.com.br
ac1108,u277,f03,Ativo,2026-05-28,daniel.lopes@suno.com.br
ac1109,u278,f01,Ativo,2026-05-28,daniel.lopes@suno.com.br
ac1110,u278,f02,Ativo,2026-05-28,daniel.lopes@suno.com.br
ac1111,u278,f08,Ativo,2026-05-28,daniel.lopes@suno.com.br
ac1112,u278,f03,Ativo,2026-05-28,daniel.lopes@suno.com.br
ac1113,u279,f01,Ativo,2026-05-28,daniel.lopes@suno.com.br
ac1114,u279,f02,Ativo,2026-05-28,daniel.lopes@suno.com.br
ac1115,u279,f08,Ativo,2026-05-28,daniel.lopes@suno.com.br
ac1116,u279,f03,Ativo,2026-05-28,daniel.lopes@suno.com.br
ac1117,u280,f01,Ativo,2026-05-28,daniel.lopes@suno.com.br
ac1118,u280,f02,Ativo,2026-05-28,daniel.lopes@suno.com.br
ac1119,u280,f08,Ativo,2026-05-28,daniel.lopes@suno.com.br
ac1120,u280,f03,Ativo,2026-05-28,daniel.lopes@suno.com.br
ac1121,u281,f01,Ativo,2026-05-28,daniel.lopes@suno.com.br
ac1122,u281,f02,Ativo,2026-05-28,daniel.lopes@suno.com.br
ac1123,u281,f08,Ativo,2026-05-28,daniel.lopes@suno.com.br
ac1124,u281,f03,Ativo,2026-05-28,daniel.lopes@suno.com.br
ac1125,u282,f01,Ativo,2026-05-28,daniel.lopes@suno.com.br
ac1126,u282,f02,Ativo,2026-05-28,daniel.lopes@suno.com.br
ac1127,u282,f08,Ativo,2026-05-28,daniel.lopes@suno.com.br
ac1128,u282,f03,Ativo,2026-05-28,daniel.lopes@suno.com.br
ac1129,u283,f01,Ativo,2026-05-28,daniel.lopes@suno.com.br
ac1130,u283,f02,Ativo,2026-05-28,daniel.lopes@suno.com.br
ac1131,u283,f08,Ativo,2026-05-28,daniel.lopes@suno.com.br
ac1132,u283,f03,Ativo,2026-05-28,daniel.lopes@suno.com.br
ac1133,u284,f01,Ativo,2026-05-28,daniel.lopes@suno.com.br
ac1134,u284,f02,Ativo,2026-05-28,daniel.lopes@suno.com.br
ac1135,u284,f08,Ativo,2026-05-28,daniel.lopes@suno.com.br
ac1136,u284,f03,Ativo,2026-05-28,daniel.lopes@suno.com.br
ac1137,u285,f01,Ativo,2026-05-28,daniel.lopes@suno.com.br
ac1138,u285,f02,Ativo,2026-05-28,daniel.lopes@suno.com.br
ac1139,u285,f08,Ativo,2026-05-28,daniel.lopes@suno.com.br
ac1140,u285,f03,Ativo,2026-05-28,daniel.lopes@suno.com.br
ac1141,u286,f01,Ativo,2026-05-28,daniel.lopes@suno.com.br
ac1142,u286,f02,Ativo,2026-05-28,daniel.lopes@suno.com.br
ac1143,u286,f08,Ativo,2026-05-28,daniel.lopes@suno.com.br
ac1144,u286,f03,Ativo,2026-05-28,daniel.lopes@suno.com.br
ac1145,u287,f01,Ativo,2026-05-28,daniel.lopes@suno.com.br
ac1146,u287,f02,Ativo,2026-05-28,daniel.lopes@suno.com.br
ac1147,u287,f08,Ativo,2026-05-28,daniel.lopes@suno.com.br
ac1148,u287,f03,Ativo,2026-05-28,daniel.lopes@suno.com.br
ac1149,u288,f01,Ativo,2026-05-28,daniel.lopes@suno.com.br
ac1150,u288,f02,Ativo,2026-05-28,daniel.lopes@suno.com.br
ac1151,u288,f08,Ativo,2026-05-28,daniel.lopes@suno.com.br
ac1152,u288,f03,Ativo,2026-05-28,daniel.lopes@suno.com.br
ac1153,u289,f01,Ativo,2026-05-28,daniel.lopes@suno.com.br
ac1154,u289,f02,Ativo,2026-05-28,daniel.lopes@suno.com.br
ac1155,u289,f08,Ativo,2026-05-28,daniel.lopes@suno.com.br
ac1156,u289,f03,Ativo,2026-05-28,daniel.lopes@suno.com.br
ac1157,u290,f01,Ativo,2026-05-28,daniel.lopes@suno.com.br
ac1158,u290,f02,Ativo,2026-05-28,daniel.lopes@suno.com.br
ac1159,u290,f08,Ativo,2026-05-28,daniel.lopes@suno.com.br
ac1160,u290,f03,Ativo,2026-05-28,daniel.lopes@suno.com.br
ac1161,u291,f01,Ativo,2026-05-28,daniel.lopes@suno.com.br
ac1162,u291,f02,Ativo,2026-05-28,daniel.lopes@suno.com.br
ac1163,u291,f08,Ativo,2026-05-28,daniel.lopes@suno.com.br
ac1164,u291,f03,Ativo,2026-05-28,daniel.lopes@suno.com.br
ac1165,u292,f01,Ativo,2026-05-28,daniel.lopes@suno.com.br
ac1166,u292,f02,Ativo,2026-05-28,daniel.lopes@suno.com.br
ac1167,u292,f08,Ativo,2026-05-28,daniel.lopes@suno.com.br
ac1168,u292,f03,Ativo,2026-05-28,daniel.lopes@suno.com.br
ac1169,u293,f01,Ativo,2026-05-28,daniel.lopes@suno.com.br
ac1170,u293,f02,Ativo,2026-05-28,daniel.lopes@suno.com.br
ac1171,u293,f08,Ativo,2026-05-28,daniel.lopes@suno.com.br
ac1172,u293,f03,Ativo,2026-05-28,daniel.lopes@suno.com.br
ac1173,u294,f01,Ativo,2026-05-28,daniel.lopes@suno.com.br
ac1174,u294,f02,Ativo,2026-05-28,daniel.lopes@suno.com.br
ac1175,u294,f08,Ativo,2026-05-28,daniel.lopes@suno.com.br
ac1176,u294,f03,Ativo,2026-05-28,daniel.lopes@suno.com.br
ac1177,u295,f01,Ativo,2026-05-28,daniel.lopes@suno.com.br
ac1178,u295,f02,Ativo,2026-05-28,daniel.lopes@suno.com.br
ac1179,u295,f08,Ativo,2026-05-28,daniel.lopes@suno.com.br
ac1180,u295,f03,Ativo,2026-05-28,daniel.lopes@suno.com.br
ac1181,u296,f01,Ativo,2026-05-28,daniel.lopes@suno.com.br
ac1182,u296,f02,Ativo,2026-05-28,daniel.lopes@suno.com.br
ac1183,u296,f08,Ativo,2026-05-28,daniel.lopes@suno.com.br
ac1184,u296,f03,Ativo,2026-05-28,daniel.lopes@suno.com.br
ac1185,u297,f01,Ativo,2026-05-28,daniel.lopes@suno.com.br
ac1186,u297,f02,Ativo,2026-05-28,daniel.lopes@suno.com.br
ac1187,u297,f08,Ativo,2026-05-28,daniel.lopes@suno.com.br
ac1188,u297,f03,Ativo,2026-05-28,daniel.lopes@suno.com.br
ac1189,u298,f01,Ativo,2026-05-28,daniel.lopes@suno.com.br
ac1190,u298,f02,Ativo,2026-05-28,daniel.lopes@suno.com.br
ac1191,u298,f08,Ativo,2026-05-28,daniel.lopes@suno.com.br
ac1192,u298,f03,Ativo,2026-05-28,daniel.lopes@suno.com.br
ac1193,u299,f01,Ativo,2026-05-28,daniel.lopes@suno.com.br
ac1194,u299,f02,Ativo,2026-05-28,daniel.lopes@suno.com.br
ac1195,u299,f08,Ativo,2026-05-28,daniel.lopes@suno.com.br
ac1196,u299,f03,Ativo,2026-05-28,daniel.lopes@suno.com.br
ac1197,u300,f01,Ativo,2026-05-28,daniel.lopes@suno.com.br
ac1198,u300,f02,Ativo,2026-05-28,daniel.lopes@suno.com.br
ac1199,u300,f08,Ativo,2026-05-28,daniel.lopes@suno.com.br
ac1200,u300,f03,Ativo,2026-05-28,daniel.lopes@suno.com.br
ac1201,u301,f01,Ativo,2026-05-28,daniel.lopes@suno.com.br
ac1202,u301,f02,Ativo,2026-05-28,daniel.lopes@suno.com.br
ac1203,u301,f08,Ativo,2026-05-28,daniel.lopes@suno.com.br
ac1204,u301,f03,Ativo,2026-05-28,daniel.lopes@suno.com.br
ac1205,u302,f01,Ativo,2026-05-28,daniel.lopes@suno.com.br
ac1206,u302,f02,Ativo,2026-05-28,daniel.lopes@suno.com.br
ac1207,u302,f08,Ativo,2026-05-28,daniel.lopes@suno.com.br
ac1208,u302,f03,Ativo,2026-05-28,daniel.lopes@suno.com.br
ac1209,u303,f01,Ativo,2026-05-28,daniel.lopes@suno.com.br
ac1210,u303,f02,Ativo,2026-05-28,daniel.lopes@suno.com.br
ac1211,u303,f08,Ativo,2026-05-28,daniel.lopes@suno.com.br
ac1212,u303,f03,Ativo,2026-05-28,daniel.lopes@suno.com.br
ac1213,u304,f01,Ativo,2026-05-28,daniel.lopes@suno.com.br
ac1214,u304,f02,Ativo,2026-05-28,daniel.lopes@suno.com.br
ac1215,u304,f08,Ativo,2026-05-28,daniel.lopes@suno.com.br
ac1216,u304,f03,Ativo,2026-05-28,daniel.lopes@suno.com.br
ac1217,u305,f01,Ativo,2026-05-28,daniel.lopes@suno.com.br
ac1218,u305,f02,Ativo,2026-05-28,daniel.lopes@suno.com.br
ac1219,u305,f08,Ativo,2026-05-28,daniel.lopes@suno.com.br
ac1220,u305,f03,Ativo,2026-05-28,daniel.lopes@suno.com.br
ac1221,u306,f01,Ativo,2026-05-28,daniel.lopes@suno.com.br
ac1222,u306,f02,Ativo,2026-05-28,daniel.lopes@suno.com.br
ac1223,u306,f08,Ativo,2026-05-28,daniel.lopes@suno.com.br
ac1224,u306,f03,Ativo,2026-05-28,daniel.lopes@suno.com.br
ac1225,u307,f01,Ativo,2026-05-28,daniel.lopes@suno.com.br
ac1226,u307,f02,Ativo,2026-05-28,daniel.lopes@suno.com.br
ac1227,u307,f08,Ativo,2026-05-28,daniel.lopes@suno.com.br
ac1228,u307,f03,Ativo,2026-05-28,daniel.lopes@suno.com.br
ac1229,u308,f01,Ativo,2026-05-28,daniel.lopes@suno.com.br
ac1230,u308,f02,Ativo,2026-05-28,daniel.lopes@suno.com.br
ac1231,u308,f08,Ativo,2026-05-28,daniel.lopes@suno.com.br
ac1232,u308,f03,Ativo,2026-05-28,daniel.lopes@suno.com.br
ac1233,u309,f01,Ativo,2026-05-28,daniel.lopes@suno.com.br
ac1234,u309,f02,Ativo,2026-05-28,daniel.lopes@suno.com.br
ac1235,u309,f08,Ativo,2026-05-28,daniel.lopes@suno.com.br
ac1236,u309,f03,Ativo,2026-05-28,daniel.lopes@suno.com.br
ac1237,u310,f01,Ativo,2026-05-28,daniel.lopes@suno.com.br
ac1238,u310,f02,Ativo,2026-05-28,daniel.lopes@suno.com.br
ac1239,u310,f08,Ativo,2026-05-28,daniel.lopes@suno.com.br
ac1240,u310,f03,Ativo,2026-05-28,daniel.lopes@suno.com.br
ac1241,u311,f01,Ativo,2026-05-28,daniel.lopes@suno.com.br
ac1242,u311,f02,Ativo,2026-05-28,daniel.lopes@suno.com.br
ac1243,u311,f08,Ativo,2026-05-28,daniel.lopes@suno.com.br
ac1244,u311,f03,Ativo,2026-05-28,daniel.lopes@suno.com.br
ac1245,u312,f01,Ativo,2026-05-28,daniel.lopes@suno.com.br
ac1246,u312,f02,Ativo,2026-05-28,daniel.lopes@suno.com.br
ac1247,u312,f08,Ativo,2026-05-28,daniel.lopes@suno.com.br
ac1248,u312,f03,Ativo,2026-05-28,daniel.lopes@suno.com.br
ac1249,u313,f01,Ativo,2026-05-28,daniel.lopes@suno.com.br
ac1250,u313,f02,Ativo,2026-05-28,daniel.lopes@suno.com.br
ac1251,u313,f08,Ativo,2026-05-28,daniel.lopes@suno.com.br
ac1252,u313,f03,Ativo,2026-05-28,daniel.lopes@suno.com.br
ac1253,u314,f01,Ativo,2026-05-28,daniel.lopes@suno.com.br
ac1254,u314,f02,Ativo,2026-05-28,daniel.lopes@suno.com.br
ac1255,u314,f08,Ativo,2026-05-28,daniel.lopes@suno.com.br
ac1256,u314,f03,Ativo,2026-05-28,daniel.lopes@suno.com.br
ac1257,u315,f01,Ativo,2026-05-28,daniel.lopes@suno.com.br
ac1258,u315,f02,Ativo,2026-05-28,daniel.lopes@suno.com.br
ac1259,u315,f08,Ativo,2026-05-28,daniel.lopes@suno.com.br
ac1260,u315,f03,Ativo,2026-05-28,daniel.lopes@suno.com.br
ac1261,u316,f01,Ativo,2026-05-28,daniel.lopes@suno.com.br
ac1262,u316,f02,Ativo,2026-05-28,daniel.lopes@suno.com.br
ac1263,u316,f08,Ativo,2026-05-28,daniel.lopes@suno.com.br
ac1264,u316,f03,Ativo,2026-05-28,daniel.lopes@suno.com.br
ac1265,u317,f01,Ativo,2026-05-28,daniel.lopes@suno.com.br
ac1266,u317,f02,Ativo,2026-05-28,daniel.lopes@suno.com.br
ac1267,u317,f08,Ativo,2026-05-28,daniel.lopes@suno.com.br
ac1268,u317,f03,Ativo,2026-05-28,daniel.lopes@suno.com.br
